Name,height,weight,birthdate,experience,bmi
shaquille o'neal,85.0,325.0,1972-03-06,19,31.622837370242216
grant hill,80.0,225.0,1972-10-05,18,24.71484375
juwan howard,81.0,250.0,1973-02-07,20,26.787075140984605
jason kidd,76.0,210.0,1973-03-23,19,25.55921052631579
kurt thomas,81.0,240.0,1972-10-04,18,25.715592135345222
antonio mcdyess,81.0,245.0,1974-09-07,16,26.251333638164915
kevin garnett,83.0,240.0,1976-05-19,22,24.49121788358252
jerry stackhouse,78.0,218.0,1974-11-05,19,25.189677843524
marcus camby,83.0,240.0,1974-03-22,18,24.49121788358252
rasheed wallace,83.0,230.0,1974-09-17,16,23.470750471766586
ray allen,77.0,205.0,1975-07-20,18,24.306797099004893
erick dampier,83.0,265.0,1975-07-14,17,27.04238641312237
steve nash,75.0,178.0,1974-02-07,19,22.246044444444443
derek fisher,73.0,210.0,1974-08-09,18,27.70313379620942
kobe bryant,78.0,212.0,1978-08-23,20,24.49638395792242
peja stojakovic,82.0,229.0,1977-06-09,14,23.94214753123141
jermaine o'neal,83.0,255.0,1978-10-13,18,26.02191900130643
zydrunas ilgauskas,87.0,260.0,1975-06-05,14,24.14850046241247
ben wallace,81.0,240.0,1974-09-10,17,25.715592135345222
tim duncan,83.0,250.0,1976-04-25,20,25.51168529539846
antonio daniels,76.0,205.0,1975-03-19,14,24.950657894736842
chauncey billups,75.0,210.0,1976-09-25,17,26.245333333333335
tracy mcgrady,80.0,225.0,1979-05-24,17,24.71484375
tony battie,83.0,240.0,1976-02-11,15,24.49121788358252
anthony parker,78.0,210.0,1975-06-19,10,24.265285996055226
stephen jackson,80.0,220.0,1978-04-05,14,24.165625
mikki moore,84.0,225.0,1975-11-04,14,22.417091836734695
mike bibby,74.0,195.0,1978-05-13,15,25.033783783783782
vince carter,78.0,220.0,1977-01-26,23,25.42077580539119
antawn jamison,81.0,235.0,1976-06-12,16,25.17985063252553
larry hughes,77.0,185.0,1979-01-23,13,21.935402260077584
jason williams,73.0,180.0,1975-11-18,12,23.74554325389379
dirk nowitzki,84.0,245.0,1978-06-19,22,24.40972222222222
paul pierce,79.0,235.0,1977-10-13,20,26.470918122095817
al harrington,81.0,245.0,1980-02-17,16,26.251333638164915
nazr mohammed,82.0,250.0,1977-09-05,19,26.137715645449138
rashard lewis,82.0,235.0,1979-08-08,16,24.56945270672219
sean marks,82.0,250.0,1975-08-23,11,26.137715645449138
brad miller,84.0,261.0,1976-04-12,15,26.003826530612244
anthony carter,73.0,190.0,1975-06-16,14,25.064740101332333
earl boykins,65.0,133.0,1976-06-02,14,22.12994082840237
elton brand,81.0,254.0,1979-03-11,18,27.21566834324036
baron davis,75.0,212.0,1979-04-13,14,26.49528888888889
lamar odom,82.0,230.0,1979-11-06,15,24.046698393813205
richard hamilton,79.0,193.0,1978-02-14,15,21.739945521551032
andre miller,75.0,200.0,1976-03-19,18,24.995555555555555
jason terry,74.0,185.0,1977-09-15,19,23.75
shawn marion,79.0,228.0,1978-05-07,16,25.682422688671686
corey maggette,78.0,225.0,1979-11-12,15,25.99852071005917
metta world peace,79.0,260.0,1979-11-13,18,29.286973241467713
james posey,80.0,217.0,1977-01-13,13,23.83609375
jeff foster,83.0,250.0,1977-01-16,13,25.51168529539846
andrei kirilenko,81.0,235.0,1981-02-18,13,25.17985063252553
francisco elson,84.0,240.0,1976-02-28,9,23.91156462585034
manu ginobili,78.0,205.0,1977-07-28,16,23.687541091387246
raja bell,77.0,210.0,1976-09-19,13,24.899645808736718
kenyon martin,81.0,225.0,1977-12-30,15,24.108367626886146
mike miller,80.0,218.0,1980-02-19,18,23.9459375
jamal crawford,77.0,200.0,1980-03-20,21,23.713948389273064
joel przybilla,85.0,245.0,1979-10-10,14,23.838754325259515
keyon dooling,75.0,195.0,1980-05-08,14,24.370666666666665
etan thomas,82.0,260.0,1978-04-01,10,27.183224271267104
hedo turkoglu,82.0,220.0,1979-03-19,15,23.001189767995243
quentin richardson,78.0,228.0,1980-04-13,14,26.34516765285996
deshawn stevenson,77.0,218.0,1981-04-03,14,25.84820374430764
jamaal magloire,83.0,265.0,1978-05-21,13,27.04238641312237
eduardo najera,80.0,235.0,1976-07-11,13,25.81328125
eddie house,73.0,190.0,1978-05-14,12,25.064740101332333
michael redd,78.0,215.0,1979-08-24,13,24.843030900723207
brian cardinal,80.0,240.0,1977-05-02,13,26.3625
malik allen,82.0,255.0,1978-06-27,11,26.66046995835812
kwame brown,83.0,290.0,1982-03-10,13,29.593554942662216
tyson chandler,84.0,235.0,1982-10-02,20,23.413407029478456
pau gasol,84.0,250.0,1980-07-06,19,24.907879818594104
eddy curry,84.0,295.0,1982-12-05,11,29.391298185941043
jason richardson,78.0,225.0,1981-01-20,14,25.99852071005917
shane battier,80.0,220.0,1978-09-09,13,24.165625
desagana diop,84.0,280.0,1982-01-30,13,27.896825396825395
vladimir radmanovic,82.0,235.0,1980-11-19,13,24.56945270672219
joe johnson,79.0,240.0,1981-06-29,18,27.034129145970198
troy murphy,83.0,245.0,1980-05-02,12,25.001451589490493
richard jefferson,79.0,233.0,1980-06-21,18,26.245633712546066
zach randolph,81.0,250.0,1981-07-16,18,26.787075140984605
jason collins,84.0,255.0,1978-12-02,13,25.406037414965986
brendan haywood,84.0,263.0,1979-11-27,13,26.203089569160998
gerald wallace,79.0,220.0,1982-07-23,15,24.78128505047268
jamaal tinsley,75.0,188.0,1978-02-28,11,23.495822222222223
samuel dalembert,83.0,255.0,1980-05-10,14,26.02191900130643
mike james,74.0,188.0,1975-06-23,12,24.135135135135137
tony parker,74.0,185.0,1982-05-17,19,23.75
gilbert arenas,76.0,215.0,1982-01-06,12,26.167763157894736
maurice evans,77.0,220.0,1978-11-08,10,26.085343228200372
brian scalabrine,81.0,235.0,1978-03-18,12,25.17985063252553
mehmet okur,83.0,260.0,1979-05-26,10,26.5321527072144
earl watson,73.0,199.0,1979-06-12,13,26.25201726402702
bobby simmons,78.0,235.0,1980-06-02,11,27.154010519395136
charlie bell,75.0,200.0,1979-03-12,8,24.995555555555555
carlos arroyo,74.0,200.0,1979-07-30,10,25.675675675675677
chris andersen,82.0,245.0,1978-07-07,15,25.614961332540155
mike dunleavy,81.0,230.0,1980-09-15,16,24.64410912970584
drew gooden,82.0,250.0,1981-09-24,15,26.137715645449138
chris wilcox,82.0,235.0,1982-09-03,12,24.56945270672219
amar'e stoudemire,82.0,245.0,1982-11-16,15,25.614961332540155
caron butler,79.0,228.0,1980-03-13,15,25.682422688671686
jared jeffries,83.0,240.0,1981-11-25,12,24.49121788358252
melvin ely,82.0,260.0,1978-05-02,9,27.183224271267104
tayshaun prince,81.0,212.0,1980-02-28,15,22.715439719554947
nenad krstic,84.0,240.0,1983-07-25,8,23.91156462585034
john salmons,78.0,210.0,1979-12-12,13,24.265285996055226
roger mason jr.,77.0,205.0,1980-09-10,11,24.306797099004893
dan gadzuric,83.0,240.0,1978-02-02,11,24.49121788358252
carlos boozer,81.0,258.0,1981-11-20,13,27.644261545496114
david andersen,,,1980-06-23,20,
matt barnes,79.0,226.0,1980-03-09,15,25.457138279121935
rasual butler,79.0,215.0,1979-05-23,14,24.218074026598302
luis scola,81.0,241.0,1980-04-30,10,25.82274043590916
reggie evans,80.0,245.0,1980-05-18,13,26.91171875
jannero pargo,73.0,185.0,1979-10-22,11,24.40514167761306
lebron james,81.0,250.0,1984-12-30,22,26.787075140984605
darko milicic,84.0,275.0,1985-06-20,10,27.398667800453516
carmelo anthony,79.0,238.0,1984-05-29,20,26.808844736420447
chris bosh,83.0,235.0,1984-03-24,14,23.980984177674554
dwyane wade,76.0,220.0,1982-01-17,17,26.776315789473685
chris kaman,84.0,265.0,1982-04-28,14,26.40235260770975
kirk hinrich,76.0,190.0,1981-01-02,14,23.125
t.j. ford,72.0,165.0,1983-03-24,8,22.375578703703702
nick collison,82.0,255.0,1980-10-26,15,26.66046995835812
mickael pietrus,78.0,215.0,1982-02-07,11,24.843030900723207
luke ridnour,74.0,175.0,1981-02-13,12,22.466216216216218
david west,81.0,250.0,1980-08-29,16,26.787075140984605
dahntay jones,78.0,225.0,1980-12-27,14,25.99852071005917
sasha pavlovic,79.0,235.0,1983-11-15,11,26.470918122095817
boris diaw,80.0,250.0,1982-04-16,15,27.4609375
travis outlaw,81.0,207.0,1984-09-18,11,22.179698216735254
brian cook,81.0,250.0,1980-12-04,10,26.787075140984605
carlos delfino,78.0,230.0,1982-08-29,9,26.576265614727152
kendrick perkins,82.0,270.0,1984-11-10,14,28.22873289708507
leandro barbosa,75.0,194.0,1982-11-28,15,24.24568888888889
josh howard,79.0,210.0,1980-04-28,10,23.65486300272392
jason kapono,80.0,215.0,1981-02-02,9,23.61640625
luke walton,80.0,235.0,1980-03-28,11,25.81328125
steve blake,75.0,172.0,1980-02-26,14,21.496177777777778
willie green,75.0,205.0,1981-07-28,12,25.620444444444445
zaza pachulia,83.0,270.0,1984-02-10,17,27.552620119030337
matt bonner,82.0,235.0,1980-04-05,13,24.56945270672219
keith bogans,77.0,215.0,1980-05-12,11,25.492494518468543
james jones,80.0,218.0,1980-10-04,15,23.9459375
mo williams,73.0,198.0,1982-12-19,14,26.12009757928317
marquis daniels,78.0,200.0,1981-01-07,11,23.109796186719265
kyle korver,79.0,212.0,1981-03-17,18,23.880147412273676
udonis haslem,79.0,235.0,1980-06-09,21,26.470918122095817
quinton ross,78.0,193.0,1981-04-30,7,22.30095332018409
ronald dupree,79.0,209.0,1981-01-26,7,23.542220797949046
josh davis,80.0,235.0,1980-08-10,4,25.81328125
matt carroll,78.0,212.0,1980-08-28,10,24.49638395792242
josh powell,81.0,240.0,1983-01-25,8,25.715592135345222
dwight howard,82.0,265.0,1985-12-08,19,27.705978584176087
emeka okafor,82.0,255.0,1982-09-28,11,26.66046995835812
ben gordon,75.0,205.0,1983-04-04,12,25.620444444444445
shaun livingston,79.0,192.0,1985-09-11,16,21.627303316776157
devin harris,75.0,185.0,1983-02-27,16,23.12088888888889
josh childress,80.0,210.0,1983-06-20,9,23.0671875
luol deng,81.0,237.0,1985-04-16,16,25.394147233653406
andre iguodala,78.0,215.0,1984-01-28,20,24.843030900723207
andris biedrins,84.0,250.0,1986-04-02,10,24.907879818594104
sebastian telfair,72.0,170.0,1985-06-09,10,23.053626543209877
kris humphries,81.0,235.0,1985-02-06,14,25.17985063252553
al jefferson,82.0,280.0,1985-01-04,14,29.274241522903033
josh smith,81.0,225.0,1985-12-05,13,24.108367626886146
jr smith,78.0,220.0,1985-09-09,17,25.42077580539119
dorell wright,81.0,205.0,1985-12-02,12,21.965401615607377
jameer nelson,72.0,190.0,1982-02-09,15,25.765817901234566
delonte west,75.0,180.0,1983-07-26,9,22.496
tony allen,76.0,213.0,1982-01-11,14,25.924342105263158
kevin martin,79.0,199.0,1983-02-01,13,22.41579875020029
sasha vujacic,79.0,195.0,1984-03-08,11,21.965229931100787
beno udrih,75.0,205.0,1982-07-05,14,25.620444444444445
anderson varejao,83.0,260.0,1982-09-28,14,26.5321527072144
andre emmett,77.0,230.0,1982-08-27,3,27.271040647664023
royal ivey,76.0,200.0,1981-12-20,10,24.342105263157894
chris duhon,73.0,190.0,1982-08-31,10,25.064740101332333
trevor ariza,80.0,215.0,1985-06-30,18,23.61640625
dj mbenga,84.0,255.0,1980-12-30,8,25.406037414965986
andres nocioni,,,1979-11-30,8,
earl barron,84.0,250.0,1981-08-14,9,24.907879818594104
damien wilkins,78.0,217.0,1980-01-11,10,25.074128862590403
andrew bogut,84.0,260.0,1984-11-28,15,25.90419501133787
marvin williams,80.0,237.0,1986-06-19,16,26.03296875
chris paul,72.0,175.0,1985-05-06,20,23.73167438271605
raymond felton,73.0,205.0,1984-06-26,15,27.043535372490147
martell webster,79.0,230.0,1986-12-04,11,25.90770709822144
charlie villanueva,83.0,232.0,1984-08-24,12,23.674843954129773
channing frye,84.0,255.0,1983-05-17,14,25.406037414965986
ike diogu,81.0,250.0,1983-09-11,7,26.787075140984605
deron williams,75.0,200.0,1984-06-26,13,24.995555555555555
andrew bynum,84.0,285.0,1987-10-27,8,28.394982993197278
joey graham,79.0,230.0,1982-06-11,7,25.90770709822144
danny granger,81.0,222.0,1983-04-20,11,23.78692272519433
gerald green,79.0,205.0,1986-01-26,13,23.091651978849544
hakim warrick,81.0,219.0,1982-07-08,8,23.465477823502514
nate robinson,69.0,180.0,1984-05-31,11,26.578449905482042
jarrett jack,75.0,200.0,1983-10-28,14,24.995555555555555
francisco garcia,79.0,215.0,1981-12-31,10,24.218074026598302
luther head,75.0,185.0,1982-11-26,6,23.12088888888889
johan petro,84.0,247.0,1986-01-27,9,24.608985260770975
jason maxiell,79.0,260.0,1983-02-18,10,29.286973241467713
linas kleiza,80.0,234.0,1985-01-03,8,25.7034375
ian mahinmi,83.0,262.0,1986-11-05,13,26.73624618957759
david lee,81.0,245.0,1983-04-29,13,26.251333638164915
brandon bass,80.0,250.0,1985-04-30,13,27.4609375
cj miles,78.0,220.0,1987-03-18,16,25.42077580539119
ersan ilyasova,81.0,235.0,1987-05-15,14,25.17985063252553
ronny turiaf,82.0,249.0,1983-01-13,10,26.033164782867342
von wafer,77.0,209.0,1985-07-21,8,24.78107606679035
monta ellis,75.0,185.0,1985-10-26,13,23.12088888888889
lou williams,74.0,175.0,1986-10-27,18,22.466216216216218
mickael gelabale,79.0,215.0,1983-05-22,4,24.218074026598302
andray blatche,83.0,260.0,1986-08-22,9,26.5321527072144
ryan gomes,79.0,245.0,1982-09-01,8,27.597340169844575
amir johnson,81.0,240.0,1987-05-01,15,25.715592135345222
marcin gortat,83.0,240.0,1984-02-17,12,24.49121788358252
ronnie price,74.0,190.0,1983-06-21,13,24.39189189189189
jose calderon,75.0,200.0,1981-09-28,15,24.995555555555555
shavlik randolph,82.0,236.0,1983-11-24,8,24.674003569303984
alan anderson,78.0,220.0,1982-10-16,9,25.42077580539119
james singleton,80.0,230.0,1981-07-20,6,25.2640625
will bynum,72.0,185.0,1983-01-04,9,25.087770061728396
stephen graham,78.0,215.0,1982-06-11,7,24.843030900723207
chuck hayes,78.0,240.0,1983-06-11,11,27.731755424063117
john lucas iii,71.0,166.0,1982-11-21,8,23.149771870660583
jamario moon,80.0,205.0,1980-06-13,6,22.51796875
andrea bargnani,84.0,245.0,1985-10-26,10,24.40972222222222
lamarcus aldridge,83.0,250.0,1985-07-19,17,25.51168529539846
tyrus thomas,82.0,225.0,1986-08-17,8,23.523944080904222
shelden williams,81.0,250.0,1983-10-21,7,26.787075140984605
brandon roy,78.0,211.0,1984-07-23,6,24.380834976988822
randy foye,76.0,218.0,1983-09-24,12,26.532894736842106
rudy gay,80.0,250.0,1986-08-17,18,27.4609375
jj redick,75.0,200.0,1984-06-24,16,24.995555555555555
hilton armstrong,83.0,235.0,1984-11-23,6,23.980984177674554
thabo sefolosha,78.0,215.0,1984-05-02,15,24.843030900723207
ronnie brewer,79.0,235.0,1985-03-20,8,26.470918122095817
shawne williams,82.0,230.0,1986-02-16,8,24.046698393813205
renaldo balkman,80.0,225.0,1984-07-14,7,24.71484375
rajon rondo,73.0,180.0,1986-02-22,17,23.74554325389379
kyle lowry,72.0,196.0,1986-03-25,19,26.579475308641975
shannon brown,75.0,215.0,1985-11-29,9,26.87022222222222
jordan farmar,74.0,180.0,1986-11-30,10,23.10810810810811
sergio rodriguez,75.0,176.0,1986-06-12,6,21.996088888888888
joel freeland,82.0,225.0,1987-02-07,3,23.523944080904222
james white,79.0,215.0,1982-10-21,4,24.218074026598302
steve novak,82.0,225.0,1983-06-13,11,23.523944080904222
solomon jones,82.0,235.0,1984-07-16,8,24.56945270672219
p.j. tucker,77.0,245.0,1985-05-05,15,29.049586776859503
craig smith,79.0,265.0,1983-11-10,6,29.850184265342094
daniel gibson,74.0,200.0,1986-02-27,8,25.675675675675677
paul millsap,79.0,257.0,1985-02-10,17,28.949046627143087
leon powe,80.0,240.0,1984-01-22,6,26.3625
ryan hollins,84.0,240.0,1984-10-10,10,23.91156462585034
chris quinn,74.0,175.0,1983-09-27,7,22.466216216216218
lou amundson,81.0,220.0,1982-12-07,11,23.572626124066453
pooh jeter,71.0,175.0,1983-12-02,2,24.404879984130133
j.j. barea,70.0,180.0,1984-06-26,15,25.824489795918367
mike harris,78.0,242.0,1983-06-15,4,27.96285338593031
walker russell,77.0,195.0,1960-10-26,6,23.12109967954124
greg oden,84.0,273.0,1988-01-22,4,27.199404761904763
kevin durant,83.0,240.0,1988-09-29,18,24.49121788358252
al horford,80.0,240.0,1986-06-03,18,26.3625
mike conley,73.0,175.0,1987-10-11,18,23.085944830174515
jeff green,80.0,235.0,1986-08-28,18,25.81328125
corey brewer,81.0,188.0,1986-03-05,14,20.143880506020423
brandan wright,82.0,235.0,1987-10-05,10,24.56945270672219
joakim noah,83.0,232.0,1985-02-25,14,23.674843954129773
spencer hawes,85.0,245.0,1988-04-28,11,23.838754325259515
acie law,75.0,202.0,1985-01-25,5,25.24551111111111
thaddeus young,80.0,225.0,1988-06-21,18,24.71484375
julian wright,80.0,225.0,1987-05-20,5,24.71484375
al thornton,80.0,235.0,1983-12-07,5,25.81328125
nick young,79.0,210.0,1985-06-01,12,23.65486300272392
rodney stuckey,77.0,205.0,1986-04-21,10,24.306797099004893
marco belinelli,77.0,220.0,1986-03-25,14,26.085343228200372
sean williams,82.0,235.0,1986-09-13,5,24.56945270672219
jason smith,84.0,240.0,1986-03-02,11,23.91156462585034
daequan cook,77.0,210.0,1987-04-28,7,24.899645808736718
jared dudley,78.0,237.0,1985-07-10,15,27.38510848126233
wilson chandler,80.0,235.0,1987-05-10,13,25.81328125
rudy fernandez,,,1985-04-04,5,
morris almond,78.0,225.0,1985-02-02,4,25.99852071005917
aaron brooks,72.0,161.0,1985-01-14,11,21.833140432098766
arron afflalo,77.0,210.0,1985-10-15,12,24.899645808736718
tiago splitter,83.0,245.0,1985-01-01,8,25.001451589490493
carl landry,81.0,248.0,1983-09-19,10,26.572778539856728
glen davis,81.0,289.0,1986-01-01,8,30.965858862978205
josh mcroberts,82.0,240.0,1987-02-28,11,25.09220701963117
kyrylo fesenko,85.0,280.0,1986-12-24,6,27.244290657439446
derrick byars,79.0,220.0,1984-04-25,2,24.78128505047268
dominic mcguire,81.0,235.0,1985-10-20,7,25.17985063252553
marc gasol,83.0,255.0,1985-01-29,14,26.02191900130643
aaron gray,84.0,270.0,1984-12-07,7,26.900510204081634
ramon sessions,75.0,190.0,1986-04-11,12,23.74577777777778
joel anthony,81.0,245.0,1982-08-09,11,26.251333638164915
mustafa shakur,75.0,190.0,1984-08-18,3,23.74577777777778
darryl watkins,83.0,258.0,1984-11-08,3,26.328059224851213
c.j. watson,74.0,175.0,1984-04-17,11,22.466216216216218
anthony tolliver,80.0,240.0,1985-06-01,14,26.3625
trey johnson,77.0,215.0,1984-08-30,3,25.492494518468543
mario west,77.0,210.0,1984-06-19,5,24.899645808736718
ivan johnson,80.0,255.0,1984-04-10,3,28.01015625
andre ingram,75.0,190.0,1985-11-19,2,23.74577777777778
eric dawson,81.0,250.0,1984-07-07,2,26.787075140984605
carldell johnson,70.0,180.0,1983-01-28,2,25.824489795918367
blake ahearn,74.0,190.0,1984-05-27,4,24.39189189189189
michael beasley,81.0,235.0,1989-01-09,12,25.17985063252553
o.j. mayo,77.0,210.0,1987-11-05,9,24.899645808736718
derrick rose,75.0,200.0,1988-10-04,16,24.995555555555555
russell westbrook,76.0,200.0,1988-11-12,17,24.342105263157894
kevin love,82.0,251.0,1988-09-07,17,26.242266508030934
danilo gallinari,82.0,236.0,1988-08-08,15,24.674003569303984
eric gordon,75.0,215.0,1988-12-25,17,26.87022222222222
d.j. augustin,71.0,183.0,1987-11-10,15,25.52053164054751
brook lopez,85.0,282.0,1988-04-01,17,27.438892733564014
jerryd bayless,75.0,200.0,1988-08-20,12,24.995555555555555
jason thompson,83.0,250.0,1986-07-21,9,25.51168529539846
brandon rush,78.0,225.0,1985-07-07,10,25.99852071005917
anthony randolph,,,1989-07-15,6,
robin lopez,85.0,281.0,1988-04-01,16,27.34159169550173
marreese speights,82.0,255.0,1987-08-04,11,26.66046995835812
roy hibbert,86.0,270.0,1986-12-11,10,25.663872363439697
javale mcgee,84.0,270.0,1988-01-19,17,26.900510204081634
jj hickson,81.0,242.0,1988-09-04,9,25.9298887364731
alexis ajinca,86.0,248.0,1988-05-06,8,23.57274202271498
ryan anderson,81.0,240.0,1988-05-06,12,25.715592135345222
courtney lee,77.0,215.0,1985-10-03,13,25.492494518468543
kosta koufos,84.0,245.0,1989-02-24,12,24.40972222222222
serge ibaka,83.0,235.0,1989-09-18,14,23.980984177674554
nicolas batum,79.0,230.0,1988-12-14,17,25.90770709822144
george hill,76.0,188.0,1986-05-04,16,22.88157894736842
darrell arthur,81.0,235.0,1988-03-25,10,25.17985063252553
donte greene,83.0,226.0,1988-02-21,6,23.06256350704021
dj white,81.0,250.0,1986-08-31,6,26.787075140984605
nikola pekovic,83.0,307.0,1986-01-03,7,31.32834954274931
joey dorsey,,,1983-12-16,4,
deandre jordan,83.0,265.0,1988-07-21,17,27.04238641312237
mario chalmers,74.0,190.0,1986-05-19,10,24.39189189189189
omer asik,84.0,255.0,1986-07-04,9,25.406037414965986
luc mbah a moute,80.0,230.0,1986-09-09,13,25.2640625
kyle weaver,78.0,201.0,1986-02-18,3,23.22534516765286
sonny weems,78.0,205.0,1986-07-08,4,23.687541091387246
goran dragic,76.0,190.0,1986-05-06,16,23.125
chris douglas-roberts,79.0,210.0,1987-01-08,7,23.65486300272392
henry walker,78.0,235.0,1987-10-09,5,27.154010519395136
darnell jackson,81.0,253.0,1985-11-07,4,27.10852004267642
sasha kaun,83.0,260.0,1985-05-08,2,26.5321527072144
semih erden,84.0,240.0,1986-07-28,3,23.91156462585034
anthony morrow,77.0,210.0,1985-09-27,10,24.899645808736718
bobby brown,74.0,175.0,1984-09-24,4,22.466216216216218
hamed haddadi,86.0,265.0,1985-05-19,6,25.188615467820444
othyus jeffers,77.0,210.0,1985-08-05,3,24.899645808736718
gary forbes,79.0,220.0,1985-02-25,3,24.78128505047268
cartier martin,79.0,220.0,1984-11-20,8,24.78128505047268
blake griffin,81.0,250.0,1989-03-16,14,26.787075140984605
greg stiemsma,83.0,260.0,1985-09-26,5,26.5321527072144
hasheem thabeet,87.0,263.0,1987-02-16,5,24.427137006209538
james harden,77.0,220.0,1989-08-26,16,26.085343228200372
tyreke evans,78.0,220.0,1989-09-19,10,25.42077580539119
ricky rubio,74.0,190.0,1990-10-21,13,24.39189189189189
stephen curry,74.0,185.0,1988-03-14,16,23.75
jonny flynn,72.0,185.0,1989-02-06,4,25.087770061728396
jordan hill,82.0,240.0,1987-07-27,9,25.09220701963117
demar derozan,78.0,220.0,1989-08-07,16,25.42077580539119
brandon jennings,73.0,170.0,1989-09-23,9,22.426346406455245
terrence williams,78.0,220.0,1987-06-28,5,25.42077580539119
gerald henderson,74.0,175.0,1956-01-16,13,22.466216216216218
tyler hansbrough,,,1985-11-03,8,
earl clark,82.0,234.0,1988-01-17,6,24.464901844140392
austin daye,83.0,220.0,1988-06-05,7,22.450283059950646
james johnson,79.0,240.0,1987-02-20,17,27.034129145970198
jrue holiday,76.0,220.0,1990-06-12,16,26.776315789473685
ty lawson,71.0,195.0,1987-11-03,10,27.194009125173576
jeff teague,75.0,195.0,1988-06-10,13,24.370666666666665
eric maynor,75.0,175.0,1987-06-11,5,21.871111111111112
darren collison,72.0,160.0,1987-08-23,11,21.69753086419753
omri casspi,81.0,225.0,1988-06-22,10,24.108367626886146
byron mullens,84.0,275.0,1989-02-14,5,27.398667800453516
rodrigue beaubois,74.0,185.0,1988-02-24,5,23.75
taj gibson,81.0,232.0,1985-06-24,16,24.858405730833713
demarre carroll,78.0,215.0,1986-07-27,12,24.843030900723207
wayne ellington,76.0,207.0,1987-11-29,14,25.19407894736842
toney douglas,74.0,195.0,1986-03-16,8,25.033783783783782
christian eyenga,79.0,210.0,1989-06-22,3,23.65486300272392
victor claver,,,1988-08-30,3,
jeff ayres,81.0,250.0,1987-04-29,7,26.787075140984605
jermaine taylor,76.0,210.0,1986-12-08,2,25.55921052631579
dante cunningham,80.0,230.0,1987-04-22,11,25.2640625
dajuan summers,80.0,240.0,1988-01-24,5,26.3625
sam young,78.0,225.0,1985-06-01,5,25.99852071005917
dejuan blair,79.0,270.0,1989-04-22,7,30.41339528921647
jon brockman,79.0,255.0,1987-03-20,4,28.723762217593336
jonas jerebko,82.0,231.0,1987-03-02,10,24.151249256395005
derrick brown,80.0,233.0,1987-09-08,4,25.59359375
jodie meeks,76.0,210.0,1987-08-21,11,25.55921052631579
patrick beverley,74.0,180.0,1988-07-12,13,23.10810810810811
marcus thornton,76.0,205.0,1987-06-05,8,24.950657894736842
chase budinger,79.0,209.0,1988-05-22,8,23.542220797949046
nick calathes,78.0,213.0,1989-02-07,2,24.611932938856015
danny green,78.0,215.0,1987-06-22,15,24.843030900723207
aj price,74.0,195.0,1986-10-07,6,25.033783783783782
nando de colo,77.0,195.0,1987-06-23,3,23.12109967954124
patty mills,74.0,180.0,1988-08-11,17,23.10810810810811
lester hudson,75.0,190.0,1984-08-07,5,23.74577777777778
garrett temple,77.0,195.0,1986-05-08,15,23.12109967954124
jerel mcneal,75.0,200.0,1987-06-01,3,24.995555555555555
garret siler,83.0,305.0,1986-10-25,2,31.124256060386124
larry owens,79.0,210.0,1983-01-08,2,23.65486300272392
wesley matthews,77.0,220.0,1986-10-14,16,26.085343228200372
alonzo gee,78.0,225.0,1987-05-29,8,25.99852071005917
dionte christmas,,,1986-09-15,2,
reggie williams,,,1964-03-05,10,
mickell gladness,83.0,220.0,1986-07-26,2,22.450283059950646
sundiata gaines,73.0,200.0,1986-04-18,4,26.383936948770877
shane edwards,79.0,220.0,1987-05-31,1,24.78128505047268
zabian dowdell,75.0,191.0,1984-09-10,2,23.870755555555554
terrel harris,76.0,190.0,1987-08-10,3,23.125
john wall,75.0,210.0,1990-09-06,11,26.245333333333335
evan turner,78.0,220.0,1988-10-27,11,25.42077580539119
derrick favors,81.0,265.0,1991-07-15,13,28.39429964944368
wesley johnson,79.0,215.0,1987-07-11,10,24.218074026598302
demarcus cousins,82.0,270.0,1990-08-13,12,28.22873289708507
ekpe udoh,82.0,245.0,1987-05-20,8,25.614961332540155
greg monroe,82.0,250.0,1990-06-04,11,26.137715645449138
al-farouq aminu,80.0,220.0,1990-09-21,12,24.165625
gordon hayward,79.0,225.0,1990-03-23,15,25.34449607434706
paul george,80.0,230.0,1990-05-02,15,25.2640625
cole aldrich,83.0,253.0,1988-10-31,9,25.81782551894324
xavier henry,78.0,220.0,1991-03-15,6,25.42077580539119
ed davis,81.0,218.0,1989-06-05,13,23.358329522938575
patrick patterson,80.0,235.0,1989-03-14,12,25.81328125
larry sanders,83.0,230.0,1988-11-21,6,23.470750471766586
kevin seraphin,82.0,278.0,1989-12-07,8,29.06513979773944
luke babbitt,81.0,225.0,1989-06-20,9,24.108367626886146
avery bradley,75.0,180.0,1990-11-26,13,22.496
eric bledsoe,73.0,214.0,1989-12-09,13,28.23081253518484
james anderson,78.0,213.0,1989-03-25,6,24.611932938856015
craig brackins,82.0,230.0,1987-10-09,3,24.046698393813205
elliot williams,77.0,190.0,1989-06-20,6,22.528250969809413
trevor booker,80.0,228.0,1987-11-25,8,25.044375
damion james,79.0,225.0,1987-10-07,4,25.34449607434706
dominique jones,77.0,215.0,1988-10-15,3,25.492494518468543
quincy pondexter,79.0,230.0,1988-03-10,8,25.90770709822144
jordan crawford,77.0,195.0,1988-10-23,6,23.12109967954124
greivis vasquez,78.0,217.0,1987-01-16,7,25.074128862590403
daniel orton,82.0,275.0,1990-08-06,3,28.75148720999405
lazar hayward,78.0,225.0,1986-11-26,4,25.99852071005917
tibor pleiss,87.0,256.0,1989-11-02,2,23.77698507068305
dexter pittman,83.0,285.0,1988-03-02,4,29.083321236754244
hassan whiteside,84.0,265.0,1989-06-13,11,26.40235260770975
armon johnson,75.0,195.0,1989-02-23,3,24.370666666666665
nemanja bjelica,81.0,234.0,1988-05-09,8,25.07270233196159
darington hobson,79.0,210.0,1987-09-29,1,23.65486300272392
landry fields,79.0,215.0,1988-06-27,5,24.218074026598302
lance stephenson,77.0,210.0,1990-09-05,11,24.899645808736718
jarvis varnado,81.0,230.0,1988-03-01,2,24.64410912970584
devin ebanks,81.0,215.0,1989-10-28,4,23.03688462124676
jerome jordan,84.0,253.0,1986-09-29,3,25.206774376417233
solomon alabi,85.0,252.0,1988-03-21,3,24.519861591695502
luke harangody,79.0,245.0,1988-01-02,3,27.597340169844575
jeremy evans,81.0,200.0,1987-10-24,7,21.429660112787683
hamady ndiaye,84.0,235.0,1987-01-12,3,23.413407029478456
ben uzoh,75.0,205.0,1988-03-18,3,25.620444444444445
donald sloan,75.0,205.0,1988-01-15,6,25.620444444444445
timofey mozgov,85.0,275.0,1986-07-16,10,26.757785467128027
gary neal,76.0,210.0,1984-10-03,7,25.55921052631579
jeremy lin,75.0,200.0,1988-08-23,10,24.995555555555555
samardo samuels,,,1989-01-09,3,
ish smith,72.0,175.0,1988-07-05,14,23.73167438271605
jeff adrien,,,1986-02-10,6,
jerome dyson,75.0,180.0,1987-05-01,2,22.496
elijah millsap,79.0,215.0,1987-08-12,4,24.218074026598302
marcus cousin,83.0,255.0,1986-12-18,2,26.02191900130643
manny harris,77.0,185.0,1989-09-21,5,21.935402260077584
justin dentmon,71.0,185.0,1985-09-05,2,25.799444554651856
chris johnson,83.0,210.0,1985-07-17,4,21.429815648134706
lance thomas,80.0,225.0,1988-04-24,10,24.71484375
jerry smith,74.0,190.0,1987-09-26,1,24.39189189189189
arinze onuaku,81.0,255.0,1987-07-13,3,27.3228166438043
courtney fortson,71.0,185.0,1988-05-23,2,25.799444554651856
kyrie irving,74.0,195.0,1992-03-23,14,25.033783783783782
derrick williams,80.0,240.0,1991-05-25,7,26.3625
enes freedom,82.0,250.0,1992-05-20,11,26.137715645449138
tristan thompson,81.0,254.0,1991-03-13,15,27.21566834324036
jonas valanciunas,83.0,265.0,1992-05-06,13,27.04238641312237
jan vesely,84.0,242.0,1990-04-24,3,24.110827664399093
bismack biyombo,80.0,255.0,1992-08-28,14,28.01015625
brandon knight,74.0,182.0,1991-12-02,9,23.364864864864863
kemba walker,72.0,184.0,1990-05-08,12,24.95216049382716
jimmer fredette,74.0,195.0,1989-02-25,7,25.033783783783782
klay thompson,77.0,220.0,1990-02-08,14,26.085343228200372
alec burks,77.0,214.0,1991-07-20,15,25.37392477652218
markieff morris,81.0,245.0,1989-09-02,15,26.251333638164915
marcus morris sr.,80.0,218.0,1989-09-02,14,23.9459375
kawhi leonard,78.0,225.0,1991-06-29,14,25.99852071005917
nikola vucevic,81.0,265.0,1990-10-24,14,28.39429964944368
iman shumpert,77.0,212.0,1990-06-26,10,25.136785292629447
chris singleton,81.0,228.0,1989-11-21,3,24.429812528577962
tobias harris,80.0,226.0,1992-07-15,14,24.8246875
donatas motiejunas,84.0,220.0,1990-09-20,7,21.918934240362812
nolan smith,74.0,185.0,1988-07-25,3,23.75
kenneth faried,80.0,220.0,1989-11-19,9,24.165625
nikola mirotic,82.0,250.0,1991-02-11,6,26.137715645449138
reggie jackson,74.0,208.0,1990-04-16,13,26.7027027027027
marshon brooks,77.0,200.0,1989-01-26,5,23.713948389273064
jordan hamilton,79.0,220.0,1990-10-06,6,24.78128505047268
jajuan johnson,82.0,221.0,1989-02-08,2,23.10574063057704
norris cole,74.0,175.0,1988-10-13,7,22.466216216216218
cory joseph,74.0,200.0,1991-08-20,15,25.675675675675677
jimmy butler,78.0,230.0,1989-09-14,14,26.576265614727152
bojan bogdanovic,79.0,226.0,1989-04-18,11,25.457138279121935
justin harper,82.0,225.0,1989-08-30,3,23.523944080904222
kyle singler,80.0,228.0,1988-05-04,6,25.044375
shelvin mack,75.0,203.0,1990-04-22,9,25.37048888888889
tyler honeycutt,80.0,188.0,1990-07-15,2,20.650625
jordan williams,82.0,260.0,1990-10-11,2,27.183224271267104
chandler parsons,81.0,230.0,1988-10-25,9,24.64410912970584
trey thompkins,82.0,245.0,1990-05-29,2,25.614961332540155
jon leuer,82.0,228.0,1989-05-14,9,23.837596668649613
jeremy tyler,82.0,250.0,1991-06-21,4,26.137715645449138
davis bertans,82.0,225.0,1992-11-12,9,23.523944080904222
darius morris,76.0,195.0,1991-01-03,5,23.73355263157895
malcolm lee,77.0,200.0,1990-05-22,3,23.713948389273064
charles jenkins,75.0,215.0,1989-02-28,3,26.87022222222222
josh harrellson,82.0,275.0,1989-02-12,4,28.75148720999405
andrew goudelock,75.0,200.0,1988-12-07,4,24.995555555555555
travis leslie,,,1990-03-29,2,
josh selby,74.0,183.0,1991-03-27,2,23.493243243243242
lavoy allen,81.0,260.0,1989-02-04,7,27.85855814662399
vernon macklin,82.0,227.0,1986-09-25,2,23.733045806067818
deandre liggins,78.0,209.0,1988-03-31,6,24.14973701512163
e'twaun moore,75.0,191.0,1989-02-25,11,23.870755555555554
isaiah thomas,69.0,185.0,1989-02-07,13,27.31674018063432
edwin ubiles,78.0,204.0,1986-11-26,1,23.57199211045365
cory higgins,77.0,180.0,1989-06-14,2,21.34255355034576
dwight buycks,75.0,190.0,1989-03-06,3,23.74577777777778
d.j. kennedy,77.0,214.0,1989-11-05,2,25.37392477652218
mychel thompson,78.0,211.0,1988-06-01,2,24.380834976988822
chris wright,81.0,226.0,1988-09-30,3,24.215515927450085
jeff foote,84.0,265.0,1987-07-14,1,26.40235260770975
xavier silas,77.0,205.0,1988-01-22,3,24.306797099004893
julyan stone,78.0,200.0,1988-12-07,4,23.109796186719265
jeremy pargo,74.0,219.0,1986-03-17,3,28.114864864864863
malcolm thomas,81.0,225.0,1988-11-08,4,24.108367626886146
brad wanamaker,75.0,210.0,1989-07-25,4,26.245333333333335
greg smith,77.0,195.0,1947-01-28,8,23.12109967954124
gustavo ayon,,,1985-04-01,3,
anthony davis,82.0,253.0,1993-03-11,13,26.451368233194525
michael kidd-gilchrist,78.0,232.0,1993-09-26,9,26.807363576594344
bradley beal,76.0,207.0,1993-06-28,13,25.19407894736842
dion waiters,75.0,210.0,1991-12-10,9,26.245333333333335
thomas robinson,82.0,237.0,1991-03-17,6,24.778554431885784
damian lillard,74.0,200.0,1990-07-15,13,25.675675675675677
terrence ross,79.0,206.0,1991-02-05,12,23.20429418362442
andre drummond,83.0,279.0,1993-08-10,13,28.471040789664684
harrison barnes,79.0,225.0,1992-05-30,13,25.34449607434706
austin rivers,76.0,200.0,1992-08-01,12,24.342105263157894
meyers leonard,84.0,260.0,1992-02-27,11,25.90419501133787
jeremy lamb,77.0,180.0,1992-05-30,11,21.34255355034576
kendall marshall,76.0,200.0,1991-08-19,5,24.342105263157894
john henson,81.0,219.0,1990-12-28,9,23.465477823502514
maurice harkless,79.0,220.0,1993-05-11,11,24.78128505047268
tyler zeller,83.0,250.0,1990-01-17,9,25.51168529539846
terrence jones,81.0,252.0,1992-01-09,6,27.001371742112482
andrew nicholson,81.0,250.0,1989-12-08,6,26.787075140984605
evan fournier,78.0,205.0,1992-10-29,13,23.687541091387246
jared sullinger,81.0,260.0,1992-03-04,5,27.85855814662399
fab melo,84.0,255.0,1990-06-20,2,25.406037414965986
john jenkins,76.0,215.0,1991-03-06,7,26.167763157894736
jared cunningham,76.0,195.0,1991-05-22,5,23.73355263157895
tony wroten,78.0,205.0,1993-04-13,5,23.687541091387246
miles plumlee,83.0,249.0,1988-09-01,8,25.40963855421687
arnett moultrie,82.0,240.0,1990-11-18,2,25.09220701963117
perry jones iii,83.0,235.0,1991-09-24,4,23.980984177674554
marquis teague,74.0,189.0,1993-02-28,3,24.263513513513512
festus ezeli,83.0,265.0,1989-10-21,4,27.04238641312237
jeffery taylor,,,1989-05-23,3,
tomas satoransky,79.0,210.0,1991-10-30,7,23.65486300272392
bernard james,82.0,235.0,1985-02-07,3,24.56945270672219
jae crowder,78.0,235.0,1990-07-06,14,27.154010519395136
draymond green,78.0,230.0,1990-03-04,13,26.576265614727152
orlando johnson,77.0,220.0,1989-03-11,4,26.085343228200372
quincy acy,79.0,240.0,1990-10-06,7,27.034129145970198
quincy miller,81.0,210.0,1992-11-18,4,22.50114311842707
khris middleton,79.0,222.0,1991-08-12,13,25.006569460022433
will barton,77.0,181.0,1991-01-06,12,21.461123292292122
tyshawn taylor,75.0,185.0,1990-04-12,2,23.12088888888889
doron lamb,76.0,200.0,1991-11-06,2,24.342105263157894
mike scott,79.0,237.0,1988-07-16,10,26.696202531645568
kim english,78.0,200.0,1988-09-24,2,23.109796186719265
justin hamilton,84.0,255.0,1990-04-01,4,25.406037414965986
darius miller,78.0,225.0,1990-03-21,6,25.99852071005917
kevin murphy,78.0,185.0,1990-03-06,2,21.37656147271532
kostas papanikolaou,80.0,235.0,1990-07-31,2,25.81328125
kyle o'quinn,81.0,250.0,1990-03-26,9,26.787075140984605
kris joseph,79.0,210.0,1988-12-17,2,23.65486300272392
furkan aldemir,82.0,240.0,1991-08-09,2,25.09220701963117
tornike shengelia,81.0,220.0,1991-10-05,2,23.572626124066453
darius johnson-odom,74.0,215.0,1989-09-28,3,27.60135135135135
robbie hummel,81.0,219.0,1989-03-08,3,23.465477823502514
robert sacre,84.0,270.0,1989-06-06,5,26.900510204081634
ognjen kuzmic,84.0,260.0,1990-05-16,2,25.90419501133787
hollis thompson,80.0,206.0,1991-04-03,5,22.6278125
viacheslav kravtsov,83.0,254.0,1987-08-25,2,25.919872260124837
mirza teletovic,81.0,242.0,1985-09-17,6,25.9298887364731
chris copeland,81.0,239.0,1984-03-17,5,25.608443834781283
pablo prigioni,75.0,185.0,1977-05-17,5,23.12088888888889
alexey shved,78.0,187.0,1988-12-16,3,21.607659434582512
kent bazemore,76.0,195.0,1989-07-01,11,23.73355263157895
maalik wayns,73.0,195.0,1991-05-02,3,25.724338525051603
brian roberts,73.0,173.0,1985-12-03,6,22.822105460686807
henry sims,82.0,248.0,1990-03-27,5,25.928613920285546
kevin jones,80.0,260.0,1989-08-25,2,28.559375
scott machado,73.0,205.0,1990-06-08,2,27.043535372490147
ben hansbrough,75.0,203.0,1987-12-23,2,25.37048888888889
willie reed,83.0,245.0,1990-05-16,3,25.001451589490493
diante garrett,76.0,190.0,1988-11-03,2,23.125
dequan jones,80.0,221.0,1990-06-20,2,24.27546875
justin holiday,78.0,180.0,1989-04-05,12,20.798816568047336
jamychal green,81.0,227.0,1990-06-21,10,24.322664228014023
james nunnally,79.0,205.0,1990-07-14,4,23.091651978849544
jorge gutierrez,75.0,189.0,1988-12-27,4,23.6208
toure' murry,77.0,195.0,1989-11-08,3,23.12109967954124
glen rice,80.0,228.0,1967-05-28,15,25.044375
aron baynes,82.0,260.0,1986-12-09,10,27.183224271267104
nerlens noel,82.0,220.0,1994-04-10,10,23.001189767995243
alex len,84.0,250.0,1993-06-16,13,24.907879818594104
allen crabbe,77.0,212.0,1992-04-09,7,25.136785292629447
andre roberson,79.0,210.0,1991-12-04,7,23.65486300272392
anthony bennett,80.0,235.0,1993-03-14,5,25.81328125
archie goodwin,77.0,205.0,1994-08-17,5,24.306797099004893
ben mclemore,75.0,195.0,1993-02-11,10,24.370666666666665
brandon paul,76.0,200.0,1991-04-30,1,24.342105263157894
carrick felix,78.0,201.0,1990-08-17,2,23.22534516765286
cj mccollum,75.0,190.0,1991-09-19,12,23.74577777777778
cody zeller,83.0,240.0,1992-10-05,12,24.49121788358252
dennis schroder,73.0,175.0,1993-09-15,12,23.085944830174515
dewayne dedmon,82.0,245.0,1989-08-12,11,25.614961332540155
dj stephens,77.0,188.0,1990-12-19,2,22.29111148591668
erick green,76.0,185.0,1991-05-09,2,22.51644736842105
gorgui dieng,82.0,248.0,1990-01-18,11,25.928613920285546
isaiah canaan,72.0,200.0,1991-05-21,6,27.121913580246915
jamaal franklin,77.0,191.0,1991-07-21,3,22.646820711755776
james southerland,80.0,215.0,1990-04-28,1,23.61640625
jeff withey,84.0,230.0,1990-03-07,5,22.915249433106577
kelly olynyk,84.0,240.0,1991-04-19,12,23.91156462585034
kentavious caldwell-pope,77.0,204.0,1993-02-18,12,24.188227357058526
lorenzo brown,77.0,189.0,1990-08-26,5,22.409681227863047
mason plumlee,84.0,254.0,1990-03-05,12,25.30640589569161
michael carter-williams,77.0,190.0,1991-10-10,10,22.528250969809413
mike muscala,82.0,240.0,1991-07-01,12,25.09220701963117
nate wolters,76.0,190.0,1991-05-15,3,23.125
otto porter jr.,80.0,230.0,1993-06-03,11,25.2640625
peyton siva,72.0,185.0,1990-10-24,1,25.087770061728396
ray mccallum,75.0,190.0,1991-06-12,4,23.74577777777778
reggie bullock,78.0,205.0,1991-03-16,12,23.687541091387246
ricky ledo,79.0,195.0,1992-09-10,2,21.965229931100787
robert covington,79.0,209.0,1990-12-14,12,23.542220797949046
rudy gobert,85.0,258.0,1992-06-26,12,25.103667820069205
shabazz muhammad,78.0,221.0,1992-11-13,6,25.536324786324787
shane larkin,71.0,175.0,1992-10-02,4,24.404879984130133
steven adams,83.0,265.0,1993-07-20,12,27.04238641312237
tim hardaway jr.,77.0,205.0,1992-03-16,12,24.306797099004893
tony mitchell,78.0,216.0,1989-08-07,2,24.958579881656803
tony snell,78.0,213.0,1991-11-10,10,24.611932938856015
trey burke,72.0,185.0,1992-11-12,10,25.087770061728396
vander blue,77.0,200.0,1992-07-17,3,23.713948389273064
victor oladipo,75.0,213.0,1992-05-04,11,26.620266666666666
giannis antetokounmpo,83.0,243.0,1994-12-06,12,24.797358107127305
sergey karasev,79.0,208.0,1993-10-26,4,23.42957859317417
pierre jackson,70.0,180.0,1991-08-29,1,25.824489795918367
grant jerrett,82.0,232.0,1993-07-08,2,24.2558001189768
lucas nogueira,84.0,220.0,1992-07-26,5,21.918934240362812
erik murphy,82.0,230.0,1990-10-26,1,24.046698393813205
phil pressey,71.0,175.0,1991-02-17,4,24.404879984130133
james ennis iii,78.0,215.0,1990-07-01,8,24.843030900723207
nemanja nedovic,75.0,192.0,1991-06-16,2,23.995733333333334
alex abrines,78.0,200.0,1993-08-01,3,23.109796186719265
matthew dellavedova,75.0,200.0,1990-09-08,10,24.995555555555555
solomon hill,78.0,226.0,1991-03-18,9,26.114069690992768
raul neto,74.0,180.0,1992-05-19,9,23.10810810810811
ryan kelly,83.0,230.0,1991-04-09,5,23.470750471766586
joffrey lauvergne,83.0,260.0,1991-09-30,5,26.5321527072144
gal mekel,75.0,191.0,1988-03-04,2,23.870755555555554
gigi datome,80.0,215.0,1987-11-27,2,23.61640625
vitor faverani,83.0,260.0,1988-05-05,2,26.5321527072144
pero antic,83.0,260.0,1982-07-29,2,26.5321527072144
miroslav raduljica,84.0,250.0,1988-01-05,2,24.907879818594104
ian clark,75.0,175.0,1991-03-07,7,21.871111111111112
seth curry,73.0,185.0,1990-08-23,12,24.40514167761306
brandon davies,82.0,240.0,1991-07-25,2,25.09220701963117
patrick christopher,,,1988-06-03,1,
chris babb,77.0,225.0,1990-02-14,3,26.678191937932198
larry drew ii,74.0,180.0,1990-03-05,2,23.10810810810811
troy daniels,76.0,200.0,1991-07-15,8,24.342105263157894
rodney mcgruder,76.0,205.0,1991-07-29,8,24.950657894736842
jonathon simmons,78.0,195.0,1989-09-14,5,22.53205128205128
thanasis antetokounmpo,79.0,219.0,1992-07-18,6,24.668642845697804
norvel pelle,82.0,231.0,1993-02-03,4,24.151249256395005
josh magette,73.0,160.0,1989-11-28,2,21.1071495590167
c.j. williams,77.0,226.0,1990-02-06,3,26.796761679878564
pj hairston,78.0,230.0,1992-12-24,3,26.576265614727152
will cherry,,,1991-02-08,2,
casper ware,,,1990-01-17,6,
scotty hopson,79.0,204.0,1989-08-08,4,22.97900977407467
russ smith,72.0,165.0,1991-04-19,2,22.375578703703702
shabazz napier,72.0,175.0,1991-07-14,7,23.73167438271605
jordan mcrae,77.0,179.0,1991-03-28,5,21.223983808399392
zach lavine,77.0,200.0,1995-03-10,11,23.713948389273064
tyler ennis,75.0,194.0,1994-08-24,4,24.24568888888889
markel brown,75.0,190.0,1992-01-29,4,23.74577777777778
elfrid payton,75.0,195.0,1994-02-22,10,24.370666666666665
semaj christon,75.0,190.0,1992-11-01,2,23.74577777777778
jordan clarkson,77.0,194.0,1992-06-07,11,23.002529937594872
devyn marble,78.0,200.0,1992-09-21,3,23.109796186719265
kj mcdaniels,78.0,205.0,1993-02-09,4,23.687541091387246
nick johnson,75.0,202.0,1992-12-22,2,25.24551111111111
c.j. wilcox,77.0,195.0,1990-12-30,4,23.12109967954124
jabari brown,77.0,214.0,1992-12-18,2,25.37392477652218
gary harris,76.0,210.0,1994-09-14,11,25.55921052631579
spencer dinwiddie,77.0,215.0,1993-04-06,12,25.492494518468543
nik stauskas,78.0,207.0,1993-10-07,7,23.918639053254438
rodney hood,80.0,208.0,1992-10-20,9,22.8475
jordan adams,77.0,209.0,1994-07-08,3,24.78107606679035
khem birch,80.0,233.0,1992-09-28,7,25.59359375
cleanthony early,80.0,210.0,1991-04-17,3,23.0671875
glenn robinson iii,78.0,222.0,1994-01-08,8,25.651873767258383
james young,78.0,215.0,1995-08-16,5,24.843030900723207
jerami grant,79.0,213.0,1994-03-12,11,23.99278961704855
joe harris,78.0,220.0,1991-09-06,10,25.42077580539119
doug mcdermott,79.0,225.0,1992-01-03,11,25.34449607434706
cory jefferson,81.0,218.0,1990-12-26,3,23.358329522938575
sean kilpatrick,76.0,212.0,1990-01-06,4,25.80263157894737
aaron gordon,80.0,235.0,1995-09-16,11,25.81328125
t.j. warren,80.0,220.0,1993-09-05,10,24.165625
lamar patterson,77.0,225.0,1991-08-12,2,26.678191937932198
marcus smart,75.0,220.0,1994-03-06,11,27.49511111111111
kyle anderson,80.0,230.0,1993-09-20,11,25.2640625
dwight powell,82.0,240.0,1991-07-20,11,25.09220701963117
adreian payne,82.0,237.0,1991-02-19,4,24.778554431885784
noah vonleh,82.0,257.0,1995-08-24,8,26.869571683521713
julius randle,81.0,250.0,1994-11-29,11,26.787075140984605
johnny o'bryant iii,81.0,257.0,1993-06-01,5,27.537113244932176
cameron bairstow,81.0,250.0,1990-12-07,3,26.787075140984605
james michael mcadoo,81.0,230.0,1993-01-04,4,24.64410912970584
jarnell stokes,81.0,255.0,1994-01-07,4,27.3228166438043
jabari parker,79.0,245.0,1995-03-15,8,27.597340169844575
andrew wiggins,78.0,197.0,1995-02-23,11,22.763149243918473
bryce cotton,73.0,165.0,1992-08-11,3,21.76674798273597
joel embiid,84.0,270.0,1994-03-16,9,26.900510204081634
dante exum,77.0,214.0,1995-07-13,10,25.37392477652218
mitch mcgary,82.0,255.0,1992-06-06,3,26.66046995835812
jakarr sampson,79.0,214.0,1993-03-20,7,24.105431821823426
eric moreland,82.0,238.0,1991-12-24,5,24.88310529446758
josh huestis,79.0,230.0,1991-12-19,4,25.90770709822144
shayne whittington,83.0,250.0,1991-03-27,3,25.51168529539846
dario saric,82.0,225.0,1994-04-08,9,23.523944080904222
jamil wilson,79.0,229.0,1990-11-21,1,25.795064893446565
bogdan bogdanovic,77.0,225.0,1992-08-18,8,26.678191937932198
clint capela,82.0,256.0,1994-05-18,11,26.765020820939917
jusuf nurkic,83.0,290.0,1994-08-23,11,29.593554942662216
vasilije micic,75.0,188.0,1994-01-13,3,23.495822222222223
damien inglis,80.0,246.0,1995-05-20,2,27.0215625
bruno caboclo,81.0,218.0,1995-09-21,8,23.358329522938575
nikola jokic,83.0,284.0,1995-02-19,10,28.981274495572652
kristaps porzingis,86.0,240.0,1995-08-02,10,22.812330989724174
damjan rudez,82.0,228.0,1986-06-17,4,23.837596668649613
edy tavares,87.0,265.0,1992-03-22,3,24.61289470207425
tyler johnson,75.0,186.0,1992-05-07,8,23.245866666666668
jack cooley,82.0,274.0,1991-04-12,2,28.646936347412254
tarik black,81.0,250.0,1991-11-22,5,26.787075140984605
tim frazier,72.0,170.0,1990-11-01,8,23.053626543209877
travis wear,82.0,225.0,1990-09-21,3,23.523944080904222
langston galloway,73.0,200.0,1991-12-09,9,26.383936948770877
zoran dragic,77.0,200.0,1989-06-22,1,23.713948389273064
joe ingles,80.0,220.0,1987-10-02,11,24.165625
john holland,77.0,205.0,1988-11-06,2,24.306797099004893
david stockton,71.0,165.0,1991-06-24,3,23.01031541360841
drew gordon,81.0,245.0,1990-07-12,1,26.251333638164915
jarell eddie,79.0,218.0,1991-10-30,3,24.556000640922928
omari johnson,81.0,220.0,1989-05-26,2,23.572626124066453
xavier munford,76.0,173.0,1992-06-01,2,21.05592105263158
jahlil okafor,82.0,270.0,1995-12-15,6,28.22873289708507
t.j. mcconnell,73.0,190.0,1992-03-25,10,25.064740101332333
tyus jones,72.0,196.0,1996-05-10,10,26.579475308641975
emmanuel mudiay,75.0,200.0,1996-03-05,7,24.995555555555555
justin anderson,77.0,231.0,1993-11-19,7,27.38961038961039
cliff alexander,80.0,240.0,1995-11-16,2,26.3625
montrezl harrell,79.0,240.0,1994-01-26,9,27.034129145970198
anthony brown,79.0,224.0,1992-10-10,4,25.231853869572184
aaron harrison,78.0,210.0,1994-10-28,3,24.265285996055226
andrew harrison,78.0,213.0,1994-10-28,4,24.611932938856015
delon wright,77.0,185.0,1992-04-26,11,21.935402260077584
rj hunter,77.0,185.0,1993-10-24,5,21.935402260077584
sam dekker,80.0,219.0,1994-05-06,5,24.05578125
d'angelo russell,75.0,193.0,1996-02-23,10,24.12071111111111
richaun holmes,81.0,235.0,1993-10-15,11,25.17985063252553
karl-anthony towns,84.0,248.0,1995-11-15,10,24.70861678004535
justise winslow,78.0,222.0,1996-03-26,9,25.651873767258383
willie cauley-stein,84.0,240.0,1993-08-18,8,23.91156462585034
frank kaminsky,84.0,240.0,1993-04-04,9,23.91156462585034
kelly oubre jr.,80.0,210.0,1995-12-09,10,23.0671875
devin booker,77.0,206.0,1996-10-30,10,24.425366840951256
cameron payne,74.0,183.0,1994-08-08,10,23.493243243243242
trey lyles,81.0,234.0,1995-11-05,11,25.07270233196159
myles turner,83.0,250.0,1996-03-24,10,25.51168529539846
jerian grant,76.0,198.0,1992-10-09,6,24.098684210526315
stanley johnson,78.0,242.0,1996-05-29,8,27.96285338593031
bobby portis,81.0,250.0,1995-02-10,10,26.787075140984605
kevon looney,81.0,222.0,1996-02-06,10,23.78692272519433
christian wood,80.0,214.0,1995-09-27,9,23.5065625
rashad vaughn,78.0,202.0,1996-08-16,3,23.340894148586457
jordan mickey,80.0,235.0,1994-07-09,4,25.81328125
rakeem christmas,81.0,250.0,1991-12-01,3,26.787075140984605
dakari johnson,84.0,255.0,1995-09-22,1,25.406037414965986
rondae hollis-jefferson,78.0,217.0,1995-01-03,7,25.074128862590403
terry rozier,73.0,190.0,1994-03-17,11,25.064740101332333
norman powell,75.0,215.0,1993-05-25,10,26.87022222222222
chasson randle,74.0,185.0,1993-02-05,5,23.75
jarell martin,82.0,239.0,1994-05-24,5,24.987656157049376
quinn cook,73.0,180.0,1993-03-23,6,23.74554325389379
michael frazier ii,75.0,200.0,1994-03-08,2,24.995555555555555
pat connaughton,77.0,209.0,1993-01-06,10,24.78107606679035
chris mccullough,81.0,215.0,1995-02-05,4,23.03688462124676
willy hernangomez,83.0,250.0,1994-05-27,8,25.51168529539846
josh richardson,77.0,200.0,1993-09-15,9,23.713948389273064
joe young,74.0,185.0,1992-06-27,3,23.75
darrun hilliard,78.0,220.0,1993-04-13,4,25.42077580539119
larry nance jr.,78.0,245.0,1993-01-01,10,28.309500328731097
treveon graham,77.0,219.0,1993-10-28,5,25.966773486254006
keifer sykes,71.0,167.0,1993-12-30,2,23.289228327712756
mario hezonja,80.0,220.0,1995-02-25,6,24.165625
alan williams,80.0,265.0,1993-01-28,5,29.10859375
bryce dejean-jones,78.0,203.0,1992-08-21,1,23.456443129520054
royce o'neale,78.0,226.0,1993-06-05,8,26.114069690992768
cedi osman,79.0,230.0,1995-04-08,8,25.90770709822144
boban marjanovic,88.0,290.0,1988-08-15,10,26.326188016528924
cristiano felicio,83.0,270.0,1992-07-07,7,27.552620119030337
duje dukan,81.0,220.0,1991-12-04,2,23.572626124066453
axel toupane,79.0,210.0,1992-07-23,4,23.65486300272392
salah mejri,86.0,235.0,1986-06-15,5,22.33707409410492
maurice ndour,81.0,200.0,1992-06-18,2,21.429660112787683
malcolm miller,79.0,210.0,1993-03-06,4,23.65486300272392
marcelo huertas,75.0,200.0,1983-05-25,2,24.995555555555555
malcolm delaney,75.0,190.0,1989-03-11,2,23.74577777777778
jonathan gibson,74.0,185.0,1987-11-08,4,23.75
walt lemon jr.,75.0,180.0,1992-07-26,3,22.496
alex stepheson,82.0,270.0,1987-08-07,1,28.22873289708507
briante weber,74.0,165.0,1992-12-29,4,21.18243243243243
julian washburn,80.0,209.0,1991-12-18,2,22.95734375
ben simmons,82.0,240.0,1996-07-20,9,25.09220701963117
dragan bender,84.0,249.0,1997-11-17,4,24.80824829931973
domantas sabonis,82.0,240.0,1996-05-03,9,25.09220701963117
wade baldwin iv,76.0,200.0,1996-03-29,3,24.342105263157894
malik beasley,76.0,187.0,1996-11-26,10,22.75986842105263
marquese chriss,81.0,240.0,1997-07-02,7,25.715592135345222
deyonta davis,83.0,237.0,1996-12-02,4,24.18507766003774
kris dunn,75.0,205.0,1994-03-18,9,25.620444444444445
buddy hield,76.0,220.0,1992-12-17,9,26.776315789473685
henry ellenson,82.0,240.0,1997-01-13,6,25.09220701963117
brandon ingram,80.0,190.0,1997-09-02,9,20.8703125
demetrius jackson,73.0,201.0,1994-09-07,4,26.51585663351473
brice johnson,82.0,230.0,1994-06-27,2,24.046698393813205
damian jones,82.0,245.0,1995-06-30,9,25.614961332540155
skal labissiere,82.0,235.0,1996-03-18,5,24.56945270672219
caris levert,79.0,205.0,1994-08-25,9,23.091651978849544
thon maker,84.0,221.0,1997-02-25,6,22.018565759637188
dejounte murray,76.0,180.0,1996-09-19,9,21.907894736842106
jamal murray,76.0,215.0,1997-02-23,9,26.167763157894736
jakob poeltl,84.0,253.0,1995-10-15,9,25.206774376417233
taurean prince,78.0,218.0,1994-03-22,9,25.189677843524
zhou qi,85.0,210.0,1996-01-16,2,20.433217993079584
tyler ulis,70.0,160.0,1996-01-05,4,22.955102040816328
denzel valentine,76.0,220.0,1993-11-16,6,26.776315789473685
stephen zimmerman,84.0,240.0,1996-09-09,2,23.91156462585034
ron baker,76.0,220.0,1993-03-30,3,26.776315789473685
jaylen brown,78.0,223.0,1996-10-24,9,25.76742274819198
deandre' bembry,77.0,210.0,1994-07-04,6,24.899645808736718
joel bolomboy,81.0,235.0,1994-01-28,2,25.17985063252553
malcolm brogdon,76.0,229.0,1992-12-11,10,27.87171052631579
cheick diallo,80.0,219.0,1996-09-13,6,24.05578125
kay felder,69.0,176.0,1995-03-29,3,25.98781768536022
daniel hamilton,79.0,195.0,1995-08-08,3,21.965229931100787
aj hammons,84.0,260.0,1992-08-27,2,25.90419501133787
jake layman,80.0,209.0,1994-03-07,7,22.95734375
patrick mccaw,79.0,181.0,1995-10-25,6,20.388239064252524
georges niang,79.0,230.0,1993-06-17,10,25.90770709822144
chinanu onuaku,82.0,245.0,1996-11-01,3,25.614961332540155
marcus paige,72.0,164.0,1993-09-11,2,22.23996913580247
gary payton ii,74.0,195.0,1992-12-01,9,25.033783783783782
malachi richardson,78.0,205.0,1996-01-05,3,23.687541091387246
wayne selden,76.0,232.0,1994-09-30,4,28.236842105263158
pascal siakam,80.0,245.0,1994-04-02,9,26.91171875
jarrod uthoff,81.0,220.0,1993-05-19,3,23.572626124066453
isaiah whitehead,76.0,213.0,1995-03-08,3,25.924342105263158
troy williams,79.0,218.0,1994-12-30,4,24.556000640922928
furkan korkmaz,79.0,202.0,1997-07-24,7,22.753725364524914
timothe luwawu-cabarrot,79.0,215.0,1995-05-09,7,24.218074026598302
ante zizic,82.0,266.0,1997-01-04,4,27.810529446757883
yogi ferrell,72.0,178.0,1993-05-09,6,24.138503086419753
damion lee,78.0,210.0,1992-10-21,8,24.265285996055226
sheldon mac,78.0,200.0,1992-12-21,2,23.109796186719265
alex poythress,81.0,235.0,1993-09-06,4,25.17985063252553
tim quarterman,78.0,190.0,1994-10-27,2,21.9543063773833
isaiah taylor,75.0,170.0,1994-07-11,3,21.246222222222222
tyrone wallace,77.0,198.0,1994-06-10,4,23.476808905380334
james webb iii,81.0,202.0,1993-08-19,1,21.64395671391556
juancho hernangomez,81.0,214.0,1995-09-28,7,22.929736320682824
guerschon yabusele,79.0,265.0,1995-12-17,3,29.850184265342094
ivica zubac,84.0,240.0,1997-03-18,9,23.91156462585034
dorian finney-smith,79.0,220.0,1993-05-04,9,24.78128505047268
fred vanvleet,72.0,197.0,1994-02-25,9,26.71508487654321
georgios papagiannis,85.0,240.0,1997-07-03,2,23.352249134948096
paul zipser,80.0,226.0,1994-02-18,2,24.8246875
abdel nader,77.0,225.0,1993-09-25,5,26.678191937932198
shawn long,81.0,255.0,1993-01-29,2,27.3228166438043
daniel ochefu,83.0,245.0,1993-12-15,2,25.001451589490493
marshall plumlee,84.0,250.0,1992-07-14,2,24.907879818594104
mindaugas kuzminskas,81.0,215.0,1989-10-19,2,23.03688462124676
nicolas brussino,80.0,195.0,1993-03-02,2,21.41953125
ryan arcidiacono,75.0,195.0,1994-03-26,7,24.370666666666665
bryn forbes,74.0,205.0,1993-07-23,7,26.31756756756757
okaro white,80.0,205.0,1992-08-13,4,22.51796875
matt costello,82.0,240.0,1993-08-05,2,25.09220701963117
kyle collinsworth,78.0,210.0,1991-10-03,2,24.265285996055226
mike tobey,84.0,260.0,1994-10-10,1,25.90419501133787
danuel house jr.,78.0,220.0,1993-06-07,8,25.42077580539119
jameel warney,80.0,260.0,1994-01-31,1,28.559375
patricio garino,78.0,203.0,1993-05-17,2,23.456443129520054
marcus georges-hunt,77.0,226.0,1994-03-28,3,26.796761679878564
nicolas laprovittola,76.0,180.0,1990-01-31,1,21.907894736842106
jalen jones,79.0,220.0,1993-05-27,3,24.78128505047268
derrick jones jr.,78.0,210.0,1997-02-15,9,24.265285996055226
shaquille harrison,76.0,195.0,1993-10-06,7,23.73355263157895
alex caruso,77.0,186.0,1994-02-28,8,22.05397200202395
josh gray,72.0,180.0,1993-09-09,3,24.40972222222222
myke henry,78.0,210.0,1992-12-23,2,24.265285996055226
david nwaba,77.0,219.0,1993-01-14,7,25.966773486254006
alfonzo mckinnie,79.0,215.0,1992-09-17,5,24.218074026598302
jordan loyd,76.0,210.0,1993-07-27,2,25.55921052631579
gabe york,75.0,190.0,1993-08-02,3,23.74577777777778
mitchell creek,78.0,225.0,1992-04-27,2,25.99852071005917
markelle fultz,76.0,209.0,1998-05-29,8,25.4375
lonzo ball,77.0,190.0,1997-10-27,8,22.528250969809413
josh jackson,80.0,207.0,1997-02-10,6,22.73765625
de'aaron fox,75.0,185.0,1997-12-20,8,23.12088888888889
jayson tatum,80.0,210.0,1998-03-03,8,23.0671875
malik monk,75.0,200.0,1998-02-04,8,24.995555555555555
jonathan isaac,82.0,230.0,1997-10-03,8,24.046698393813205
dennis smith jr.,75.0,205.0,1997-11-25,8,25.620444444444445
frank ntilikina,76.0,200.0,1998-07-28,7,24.342105263157894
lauri markkanen,85.0,240.0,1997-05-22,8,23.352249134948096
donovan mitchell,74.0,215.0,1996-09-07,8,27.60135135135135
luke kennard,77.0,206.0,1996-06-24,8,24.425366840951256
zach collins,81.0,240.0,1997-11-19,8,25.715592135345222
john collins,81.0,226.0,1997-09-23,8,24.215515927450085
justin jackson,80.0,220.0,1995-03-28,7,24.165625
justin patton,83.0,241.0,1997-06-14,4,24.593264624764117
og anunoby,79.0,240.0,1997-07-17,8,27.034129145970198
harry giles iii,82.0,240.0,1998-04-22,5,25.09220701963117
jarrett allen,81.0,243.0,1998-04-21,8,26.037037037037038
t.j. leaf,82.0,222.0,1997-04-30,5,23.210291493158834
bam adebayo,81.0,255.0,1997-07-18,8,27.3228166438043
terrance ferguson,78.0,190.0,1998-05-17,4,21.9543063773833
d.j. wilson,82.0,231.0,1996-02-19,6,24.151249256395005
isaiah hartenstein,84.0,250.0,1998-05-05,7,24.907879818594104
jawun evans,72.0,190.0,1996-07-26,3,25.765817901234566
anzejs pasecniks,85.0,229.0,1995-12-20,3,22.281937716262977
jordan bell,79.0,216.0,1995-01-07,6,24.330716231373177
tony bradley,82.0,248.0,1998-01-08,7,25.928613920285546
ivan rabb,82.0,220.0,1997-02-04,3,23.001189767995243
kyle kuzma,80.0,221.0,1995-07-24,8,24.27546875
semi ojeleye,78.0,240.0,1994-12-05,5,27.731755424063117
derrick white,76.0,190.0,1994-07-02,8,23.125
frank jackson,75.0,205.0,1998-05-04,5,25.620444444444445
caleb swanigan,81.0,260.0,1997-04-18,4,27.85855814662399
josh hart,77.0,215.0,1995-03-06,8,25.492494518468543
johnathan motley,80.0,230.0,1995-05-04,4,25.2640625
dwayne bacon,78.0,221.0,1995-08-30,5,25.536324786324787
pj dozier,78.0,205.0,1996-10-25,6,23.687541091387246
alec peters,81.0,235.0,1995-04-13,1,25.17985063252553
edmond sumner,76.0,196.0,1995-12-31,6,23.855263157894736
wes iwundu,78.0,195.0,1994-12-20,6,22.53205128205128
frank mason iii,71.0,190.0,1994-04-03,5,26.496726839912714
jonah bolden,80.0,225.0,1996-01-02,2,24.71484375
sindarius thornwell,76.0,215.0,1994-11-15,5,26.167763157894736
dillon brooks,79.0,225.0,1996-01-22,8,25.34449607434706
tyler dorsey,76.0,180.0,1996-02-18,3,21.907894736842106
jaron blossomgame,80.0,220.0,1993-09-16,2,24.165625
thomas bryant,81.0,248.0,1997-07-31,8,26.572778539856728
cameron oliver,80.0,239.0,1996-07-11,2,26.25265625
monte morris,74.0,183.0,1995-06-27,8,23.493243243243242
devin robinson,80.0,200.0,1995-03-07,3,21.96875
damyean dotson,77.0,210.0,1994-05-06,5,24.899645808736718
kobi simmons,77.0,180.0,1997-07-04,4,21.34255355034576
sterling brown,77.0,219.0,1995-02-10,6,25.966773486254006
sasha vezenkov,80.0,225.0,1995-08-06,2,24.71484375
vlatko cancar,80.0,236.0,1997-04-10,7,25.923125
nigel williams-goss,74.0,190.0,1994-09-16,2,24.39189189189189
davon reed,77.0,206.0,1995-06-11,4,24.425366840951256
chance comanche,82.0,210.0,1996-04-14,2,21.955681142177276
luke kornet,85.0,250.0,1995-07-15,8,24.325259515570934
isaiah hicks,81.0,230.0,1994-07-24,3,24.64410912970584
kadeem allen,73.0,200.0,1993-01-15,3,26.383936948770877
jabari bird,78.0,198.0,1994-07-03,2,22.87869822485207
chris boucher,80.0,200.0,1993-01-11,8,21.96875
eric mika,82.0,233.0,1995-01-05,1,24.360350981558597
jacob wiley,80.0,223.0,1994-09-04,1,24.49515625
milos teodosic,77.0,196.0,1987-03-19,2,23.239669421487605
tyler cavanaugh,81.0,238.0,1994-02-09,3,25.501295534217345
daniel theis,80.0,245.0,1992-04-04,7,26.91171875
maxi kleber,82.0,240.0,1992-01-29,8,25.09220701963117
antonio blakeney,76.0,192.0,1996-10-04,3,23.36842105263158
torrey craig,77.0,221.0,1990-12-19,9,26.203912970146735
derrick walton jr.,72.0,185.0,1995-04-03,3,25.087770061728396
gian clavell,76.0,185.0,1993-11-26,1,22.51644736842105
milton doyle,76.0,180.0,1993-10-31,2,21.907894736842106
antonius cleveland,77.0,195.0,1994-02-02,3,23.12109967954124
nigel hayes,79.0,254.0,1994-12-16,1,28.611120012818457
jamel artis,79.0,213.0,1993-01-12,2,23.99278961704855
xavier rathan-mayes,76.0,208.0,1994-04-29,1,25.31578947368421
london perrantes,74.0,190.0,1994-10-03,2,24.39189189189189
andrew white iii,79.0,210.0,1993-06-16,2,23.65486300272392
naz mitrou-long,75.0,218.0,1993-08-03,4,27.245155555555556
isaiah briscoe,75.0,215.0,1996-04-13,1,26.87022222222222
amile jefferson,81.0,222.0,1993-05-07,3,23.78692272519433
jaylen morris,77.0,185.0,1995-09-19,3,21.935402260077584
mychal mulder,75.0,195.0,1994-06-12,4,24.370666666666665
amida brimah,82.0,230.0,1994-02-11,2,24.046698393813205
craig sword,75.0,196.0,1994-01-16,2,24.495644444444444
dusty hannahs,75.0,210.0,1993-09-02,3,26.245333333333335
billy garrett,78.0,215.0,1994-10-16,2,24.843030900723207
rodney purvis,76.0,205.0,1994-02-14,2,24.950657894736842
paul watson,78.0,210.0,1994-12-30,4,24.265285996055226
aaron jackson,75.0,183.0,1986-05-06,1,22.870933333333333
rawle alkins,77.0,225.0,1997-10-29,2,26.678191937932198
grayson allen,75.0,198.0,1995-10-08,7,24.7456
kostas antetokounmpo,82.0,200.0,1997-11-20,4,20.91017251635931
udoka azubuike,83.0,270.0,1999-09-17,5,27.552620119030337
marvin bagley iii,82.0,235.0,1999-03-14,7,24.56945270672219
mo bamba,84.0,231.0,1998-05-12,7,23.014880952380953
keita bates-diop,80.0,229.0,1996-01-23,7,25.15421875
brian bowen ii,78.0,190.0,1998-10-02,3,21.9543063773833
mikal bridges,78.0,209.0,1996-08-30,7,24.14973701512163
miles bridges,79.0,225.0,1998-03-21,6,25.34449607434706
bruce brown,76.0,202.0,1996-08-15,7,24.585526315789473
troy brown jr.,79.0,215.0,1999-07-28,7,24.218074026598302
jalen brunson,74.0,190.0,1996-08-31,7,24.39189189189189
jevon carter,72.0,190.0,1995-09-14,7,25.765817901234566
wendell carter jr.,82.0,270.0,1999-04-16,7,28.22873289708507
hamidou diallo,77.0,202.0,1998-07-31,6,23.951087873165797
donte divincenzo,76.0,203.0,1997-01-31,7,24.707236842105264
jacob evans,76.0,210.0,1997-06-18,3,25.55921052631579
bruno fernando,81.0,240.0,1998-08-15,5,25.715592135345222
melvin frazier jr.,77.0,215.0,1996-08-30,4,25.492494518468543
shai gilgeous-alexander,78.0,195.0,1998-07-12,7,22.53205128205128
devonte' graham,73.0,195.0,1995-02-22,7,25.724338525051603
devon hall,77.0,215.0,1995-07-07,2,25.492494518468543
kevin hervey,81.0,230.0,1996-07-09,2,24.64410912970584
aaron holiday,72.0,185.0,1996-09-30,7,25.087770061728396
kevin huerter,78.0,190.0,1998-08-27,7,21.9543063773833
chandler hutchison,78.0,210.0,1996-04-26,4,24.265285996055226
jaren jackson jr.,82.0,242.0,1999-09-15,7,25.301308744794763
alize johnson,80.0,212.0,1996-04-22,6,23.286875
kevin knox ii,80.0,215.0,1999-08-11,8,23.61640625
caleb martin,77.0,205.0,1995-09-28,6,24.306797099004893
cody martin,78.0,205.0,1995-09-28,6,23.687541091387246
yante maten,80.0,240.0,1996-08-14,2,26.3625
de'anthony melton,74.0,200.0,1998-05-28,7,25.675675675675677
chimezie metu,82.0,225.0,1997-03-22,7,23.523944080904222
shake milton,77.0,205.0,1996-09-26,8,24.306797099004893
svi mykhailiuk,79.0,205.0,1997-06-10,7,23.091651978849544
jontay porter,82.0,240.0,1999-11-15,2,25.09220701963117
josh okogie,76.0,213.0,1998-09-01,7,25.924342105263158
jerome robinson,77.0,190.0,1997-02-22,5,22.528250969809413
michael porter jr.,82.0,218.0,1998-06-29,6,22.792088042831647
mitchell robinson,84.0,240.0,1998-04-01,7,23.91156462585034
collin sexton,75.0,190.0,1999-01-04,7,23.74577777777778
landry shamet,77.0,190.0,1997-03-13,7,22.528250969809413
anfernee simons,75.0,200.0,1999-06-08,7,24.995555555555555
zhaire smith,75.0,205.0,1999-06-04,3,25.620444444444445
omari spellman,80.0,245.0,1997-07-21,3,26.91171875
gary trent jr.,77.0,204.0,1999-01-18,7,24.188227357058526
khyri thomas,75.0,210.0,1996-05-08,4,26.245333333333335
allonzo trier,76.0,200.0,1996-01-17,2,24.342105263157894
jarred vanderbilt,80.0,214.0,1999-04-03,7,23.5065625
lonnie walker iv,76.0,204.0,1998-12-14,8,24.82894736842105
moritz wagner,83.0,245.0,1997-04-26,7,25.001451589490493
kenrich williams,79.0,210.0,1994-12-02,7,23.65486300272392
p.j. washington,79.0,230.0,1998-08-23,6,25.90770709822144
trae young,74.0,164.0,1998-09-19,7,21.054054054054053
deandre ayton,84.0,252.0,1998-07-23,7,25.107142857142858
theo pinson,79.0,212.0,1995-11-05,6,23.880147412273676
luka doncic,80.0,230.0,1999-02-28,7,25.2640625
ray spalding,81.0,225.0,1997-03-11,3,24.108367626886146
carsen edwards,71.0,200.0,1998-03-12,4,27.891291410434437
bonzie colson,78.0,225.0,1996-01-12,2,25.99852071005917
ga bitadze,83.0,250.0,1999-07-20,6,25.51168529539846
vincent edwards,80.0,225.0,1996-04-05,2,24.71484375
oshae brissett,79.0,210.0,1998-06-20,5,23.65486300272392
terence davis,76.0,201.0,1997-05-16,6,24.463815789473685
robert williams iii,81.0,249.0,1997-10-17,7,26.679926840420666
dzanan musa,81.0,217.0,1999-05-08,3,23.251181222374637
elie okobo,75.0,190.0,1997-10-23,3,23.74577777777778
deng adel,79.0,200.0,1997-02-01,2,22.528440954975164
rui hachimura,80.0,230.0,1998-02-08,6,25.2640625
ky bowman,73.0,187.0,1997-06-16,2,24.668981047100768
rodions kurucs,81.0,228.0,1998-02-05,3,24.429812528577962
tyler cook,80.0,255.0,1997-09-23,4,28.01015625
isaac bonga,80.0,180.0,1999-11-08,5,19.771875
marcus derrickson,79.0,249.0,1996-02-01,2,28.04790898894408
elijah bryant,77.0,210.0,1995-04-19,2,24.899645808736718
brandon sampson,77.0,184.0,1997-05-01,2,21.816832518131218
jack mcveigh,80.0,215.0,1996-06-27,2,23.61640625
gary clark,78.0,225.0,1994-11-16,5,25.99852071005917
jock landale,83.0,255.0,1995-10-25,4,26.02191900130643
kelan martin,77.0,230.0,1995-08-03,4,27.271040647664023
angel delgado,82.0,245.0,1994-11-20,2,25.614961332540155
wenyen gabriel,81.0,205.0,1997-03-26,5,21.965401615607377
jaylen adams,72.0,225.0,1996-05-04,3,30.51215277777778
j.p. macura,76.0,203.0,1995-06-05,2,24.707236842105264
jared terrell,75.0,227.0,1995-02-10,2,28.369955555555556
deonte burton,76.0,240.0,1994-01-31,4,29.210526315789473
duncan robinson,79.0,215.0,1994-04-22,7,24.218074026598302
daryl macon,74.0,185.0,1995-11-29,2,23.75
kendrick nunn,75.0,190.0,1995-08-03,4,23.74577777777778
yuta watanabe,81.0,215.0,1994-10-13,7,23.03688462124676
johnathan williams,81.0,228.0,1995-05-22,3,24.429812528577962
joe chealey,76.0,190.0,1995-11-01,2,23.125
emanuel terry,81.0,220.0,1996-08-21,2,23.572626124066453
ryan broekhoff,78.0,215.0,1990-08-23,3,24.843030900723207
jordan mclaughlin,71.0,185.0,1996-04-09,6,25.799444554651856
brandon goodwin,72.0,180.0,1995-10-02,5,24.40972222222222
bj johnson,78.0,200.0,1995-12-21,3,23.109796186719265
chris chiozza,71.0,175.0,1995-11-21,5,24.404879984130133
jemerrio jones,77.0,175.0,1995-04-09,2,20.74970484061393
gabe vincent,74.0,200.0,1996-06-14,6,25.675675675675677
drew eubanks,82.0,245.0,1997-02-01,7,25.614961332540155
cam reynolds,79.0,225.0,1995-02-07,2,25.34449607434706
juan toscano-anderson,78.0,209.0,1993-04-10,5,24.14973701512163
trayvon palmer,78.0,200.0,1994-11-13,1,23.109796186719265
haywood highsmith,77.0,220.0,1996-12-09,5,26.085343228200372
alen smailagic,82.0,215.0,2000-08-18,3,22.47843545508626
isaac humphries,84.0,260.0,1998-01-05,2,25.90419501133787
dairis bertans,76.0,200.0,1989-09-09,2,24.342105263157894
zylan cheatham,77.0,220.0,1995-11-17,3,26.085343228200372
chris clemons,69.0,180.0,1997-07-23,2,26.578449905482042
amir coffey,79.0,210.0,1997-06-17,6,23.65486300272392
mamadi diakite,81.0,228.0,1997-01-21,5,24.429812528577962
cj elleby,78.0,200.0,2000-06-16,3,23.109796186719265
tacko fall,90.0,311.0,1995-12-10,3,26.991728395061727
robert franks,79.0,225.0,1996-12-18,1,25.34449607434706
jared harper,70.0,175.0,1997-09-14,4,25.107142857142858
dewan hernandez,82.0,235.0,1996-12-09,2,24.56945270672219
daquan jeffries,77.0,222.0,1997-08-30,6,26.3224827120931
terance mann,78.0,215.0,1996-10-18,6,24.843030900723207
andrew nembhard,76.0,191.0,2000-01-16,3,23.24671052631579
reggie perry,80.0,250.0,2000-03-21,3,27.4609375
jalen pickett,74.0,202.0,1999-10-22,2,25.93243243243243
myles powell,74.0,195.0,1997-07-07,2,25.033783783783782
justin robinson,73.0,195.0,1997-10-12,3,25.724338525051603
max strus,77.0,215.0,1996-03-28,6,25.492494518468543
lindell wigginton,73.0,189.0,1998-03-28,3,24.932820416588477
justin wright-foreman,72.0,190.0,1997-10-27,2,25.765817901234566
bol bol,87.0,220.0,1999-11-16,7,20.433346545118244
zion williamson,78.0,284.0,2000-07-06,6,32.81591058514135
rj barrett,78.0,214.0,2000-06-14,6,24.72748191978961
cam reddish,79.0,217.0,1999-09-01,5,24.443358436148053
ja morant,74.0,174.0,1999-08-10,6,22.33783783783784
de'andre hunter,79.0,221.0,1997-12-02,6,24.893927255247558
coby white,76.0,210.0,2000-02-16,6,25.55921052631579
jarrett culver,78.0,195.0,1999-02-20,5,22.53205128205128
brandon clarke,80.0,215.0,1996-09-19,6,23.61640625
sekou doumbouya,81.0,230.0,2000-12-23,4,24.64410912970584
darius garland,73.0,192.0,2000-01-26,6,25.328579470820042
jaxson hayes,84.0,220.0,2000-05-23,6,21.918934240362812
nickeil alexander-walker,77.0,205.0,1998-09-02,6,24.306797099004893
tyler herro,77.0,195.0,2000-01-20,6,23.12109967954124
keldon johnson,78.0,220.0,1999-10-11,6,25.42077580539119
romeo langford,77.0,216.0,1999-10-25,5,25.61106426041491
nassir little,78.0,220.0,2000-02-11,6,25.42077580539119
chuma okeke,79.0,229.0,1998-08-18,6,25.795064893446565
kz okpala,80.0,215.0,1999-04-28,4,23.61640625
kevin porter jr.,77.0,203.0,2000-05-04,5,24.06965761511216
charles bassey,82.0,230.0,2000-10-28,4,24.046698393813205
darius bazley,81.0,216.0,2000-06-12,6,23.144032921810698
jordan bone,74.0,180.0,1997-11-05,2,23.10810810810811
ignas brazdeikis,78.0,221.0,1999-01-08,4,25.536324786324787
moses brown,86.0,258.0,1999-10-13,7,24.523255813953487
nic claxton,83.0,215.0,1999-04-17,6,21.940049354042678
luguentz dort,76.0,220.0,1999-04-19,6,26.776315789473685
devon dotson,73.0,185.0,1999-08-02,4,24.40514167761306
daniel gafford,82.0,265.0,1998-10-01,6,27.705978584176087
quentin grimes,77.0,207.0,2000-05-08,4,24.543936582897622
kyle guy,73.0,167.0,1997-08-11,4,22.03058735222368
jaylen hoard,80.0,216.0,1999-03-30,3,23.72625
talen horton-tucker,76.0,234.0,2000-11-25,7,28.480263157894736
ty jerome,77.0,195.0,1997-07-08,6,23.12109967954124
cameron johnson,80.0,210.0,1996-03-03,6,23.0671875
mfiondu kabengele,82.0,250.0,1997-08-14,4,26.137715645449138
louis king,79.0,205.0,1999-04-06,5,23.091651978849544
jalen lecque,76.0,185.0,2000-06-13,3,22.51644736842105
jalen mcdaniels,81.0,190.0,1998-01-31,7,20.3581771071483
zach norvell jr.,77.0,205.0,1997-12-09,2,24.306797099004893
jaylen nowell,76.0,201.0,1999-07-09,5,24.463815789473685
jordan nwora,80.0,225.0,1998-09-09,5,24.71484375
miye oni,77.0,206.0,1997-08-04,4,24.425366840951256
eric paschall,78.0,255.0,1996-11-04,4,29.464990138067062
jordan poole,76.0,194.0,1999-06-19,6,23.611842105263158
neemias queta,84.0,248.0,1999-07-13,4,24.70861678004535
naz reid,81.0,264.0,1999-08-26,6,28.287151348879743
isaiah roby,80.0,230.0,1998-02-03,5,25.2640625
luka samanic,82.0,227.0,2000-01-09,5,23.733045806067818
admiral schofield,77.0,241.0,1997-03-30,5,28.575307809074044
matisse thybulle,77.0,202.0,1997-03-04,6,23.951087873165797
killian tillie,81.0,220.0,1998-03-05,3,23.572626124066453
tremont waters,70.0,175.0,1998-01-10,3,25.107142857142858
quinndary weatherspoon,75.0,205.0,1996-09-10,4,25.620444444444445
grant williams,79.0,236.0,1998-11-30,6,26.583560326870693
dylan windler,79.0,196.0,1996-09-22,5,22.077872135875662
deividas sirvydis,80.0,190.0,2000-06-10,3,20.8703125
adam mokoka,76.0,190.0,1998-07-18,3,23.125
didi louzada,77.0,188.0,1999-07-02,3,22.29111148591668
justin james,79.0,190.0,1997-01-24,3,21.402018907226406
jarrell brantley,77.0,250.0,1996-06-07,3,29.64243548659133
marques bolden,82.0,249.0,1998-04-17,4,26.033164782867342
armoni brooks,75.0,195.0,1998-06-05,3,24.370666666666665
charlie brown jr.,78.0,199.0,1997-02-02,5,22.99424720578567
devontae cacok,79.0,240.0,1996-10-08,4,27.034129145970198
john konchar,77.0,210.0,1996-03-22,6,24.899645808736718
vic law,79.0,201.0,1995-12-19,2,22.64108315975004
jeremiah martin,74.0,185.0,1996-06-19,3,23.75
garrison mathews,77.0,215.0,1996-10-24,6,25.492494518468543
josh reaves,76.0,214.0,1997-06-04,2,26.04605263157895
rayjon tucker,75.0,209.0,1997-09-24,4,26.120355555555555
dean wade,81.0,228.0,1996-11-20,6,24.429812528577962
kyle alexander,82.0,216.0,1996-10-21,2,22.582986317668055
chris silva,80.0,234.0,1996-09-19,5,25.7034375
vincent poirier,84.0,235.0,1993-10-17,2,23.413407029478456
william howard,80.0,207.0,1993-10-25,2,22.73765625
nicolo melli,81.0,236.0,1991-01-26,3,25.286998933089468
marko guduric,78.0,201.0,1995-03-08,2,23.22534516765286
donta hall,82.0,230.0,1997-08-07,2,24.046698393813205
matt thomas,75.0,190.0,1994-08-04,4,23.74577777777778
javonte green,77.0,205.0,1993-07-23,6,24.306797099004893
dakota mathias,76.0,200.0,1995-07-11,3,24.342105263157894
juwan morgan,79.0,232.0,1997-04-17,4,26.13299150777119
hassani gravett,74.0,187.0,1996-07-16,1,24.006756756756758
matt mooney,74.0,199.0,1995-02-07,2,25.5472972972973
keljin blevins,76.0,200.0,1995-11-24,3,24.342105263157894
xavier moon,72.0,165.0,1995-01-02,4,22.375578703703702
devin cannady,74.0,183.0,1996-05-21,3,23.493243243243242
anthony edwards,76.0,225.0,2001-08-05,5,27.38486842105263
lamelo ball,79.0,180.0,2001-08-22,5,20.27559685947765
james wiseman,83.0,240.0,2001-03-31,5,24.49121788358252
killian hayes,76.0,195.0,2001-07-27,5,23.73355263157895
deni avdija,80.0,228.0,2001-01-03,5,25.044375
obi toppin,81.0,220.0,1998-03-04,5,23.572626124066453
onyeka okongwu,82.0,240.0,2000-12-11,5,25.09220701963117
tyrese haliburton,77.0,185.0,2000-02-29,5,21.935402260077584
devin vassell,77.0,200.0,2000-08-23,5,23.713948389273064
isaac okoro,76.0,225.0,2001-01-26,5,27.38486842105263
patrick williams,78.0,235.0,2001-08-26,5,27.154010519395136
precious achiuwa,80.0,243.0,1999-09-19,5,26.69203125
aaron nesmith,77.0,215.0,1999-10-16,5,25.492494518468543
cole anthony,74.0,185.0,2000-05-15,5,23.75
vernon carey jr.,82.0,270.0,2001-02-25,4,28.22873289708507
theo maledon,76.0,175.0,2001-06-12,4,21.299342105263158
tyrese maxey,74.0,200.0,2000-11-04,5,25.675675675675677
tyrell terry,74.0,160.0,2000-09-28,3,20.54054054054054
saddiq bey,80.0,215.0,1999-04-09,5,23.61640625
r.j. hampton,76.0,175.0,2001-02-07,4,21.299342105263158
josh green,78.0,200.0,2000-11-16,5,23.109796186719265
jaden mcdaniels,81.0,185.0,2000-09-29,5,19.822435604328607
kira lewis jr.,73.0,170.0,2001-04-06,5,22.426346406455245
nico mannion,74.0,190.0,2001-03-14,2,24.39189189189189
jahmi'us ramsey,75.0,190.0,2001-06-09,4,23.74577777777778
daniel oturu,80.0,240.0,1999-09-20,2,26.3625
jalen smith,80.0,244.0,2000-03-16,5,26.801875
elijah hughes,77.0,215.0,1998-03-10,3,25.492494518468543
isaiah stewart,80.0,250.0,2001-05-22,5,27.4609375
zeke nnaji,82.0,240.0,2001-01-09,5,25.09220701963117
immanuel quickley,74.0,190.0,1999-06-17,5,24.39189189189189
paul reed,81.0,210.0,1999-06-14,5,22.50114311842707
leandro bolmaro,78.0,200.0,2000-09-11,2,23.109796186719265
aleksej pokusevski,84.0,210.0,2001-12-26,5,20.922619047619047
isaiah joe,76.0,165.0,1999-07-02,5,20.082236842105264
cassius stanley,77.0,190.0,1999-08-18,2,22.528250969809413
tre jones,73.0,190.0,2000-01-08,5,25.064740101332333
malachi flynn,73.0,185.0,1998-05-09,4,24.40514167761306
payton pritchard,73.0,195.0,1998-01-28,5,25.724338525051603
ashton hagans,75.0,190.0,1999-07-08,3,23.74577777777778
lamar stevens,79.0,230.0,1997-07-09,6,25.90770709822144
jay scrubb,77.0,220.0,2000-09-01,4,26.085343228200372
nate hinton,77.0,210.0,1999-06-08,4,24.899645808736718
nick richards,83.0,245.0,1997-11-29,5,25.001451589490493
omer yurtseven,83.0,275.0,1998-06-19,3,28.06285382493831
markus howard,70.0,175.0,1999-03-03,3,25.107142857142858
karim mane,75.0,190.0,2000-05-16,1,23.74577777777778
xavier tillman,80.0,245.0,1999-01-12,5,26.91171875
jared butler,75.0,193.0,2000-08-25,5,24.12071111111111
cassius winston,73.0,185.0,1998-02-28,3,24.40514167761306
desmond bane,78.0,215.0,1998-06-25,5,24.843030900723207
robert woodard ii,78.0,235.0,1999-09-22,3,27.154010519395136
skylar mays,75.0,205.0,1997-09-05,5,25.620444444444445
josh hall,81.0,190.0,2000-10-08,2,20.3581771071483
mason jones,76.0,200.0,1998-07-21,5,24.342105263157894
jalen harris,77.0,195.0,1998-08-14,2,23.12109967954124
jalen green,76.0,186.0,2002-02-09,4,22.638157894736842
isaiah todd,81.0,219.0,2001-10-17,3,23.465477823502514
daishen nix,76.0,238.0,2002-02-13,3,28.967105263157894
jonathan kuminga,79.0,225.0,2002-10-06,4,25.34449607434706
naji marshall,78.0,220.0,1998-01-24,5,25.42077580539119
nathan knight,80.0,253.0,1997-09-20,4,27.79046875
trent forrest,76.0,210.0,1998-06-12,5,25.55921052631579
anthony lamb,78.0,227.0,1998-01-20,4,26.229618671926364
malik fitts,77.0,230.0,1997-07-04,3,27.271040647664023
saben lee,74.0,183.0,1999-06-23,5,23.493243243243242
sam merrill,76.0,205.0,1996-05-15,5,24.950657894736842
trevelin queen,77.0,190.0,1997-02-25,5,22.528250969809413
ayo dosunmu,76.0,201.0,2000-01-17,4,24.463815789473685
vit krejci,80.0,195.0,2000-06-19,4,21.41953125
sean mcdermott,78.0,195.0,1996-11-03,2,22.53205128205128
jae'sean tate,76.0,230.0,1995-10-28,5,27.99342105263158
anthony gill,79.0,230.0,1992-10-17,5,25.90770709822144
facundo campazzo,70.0,195.0,1991-03-23,3,27.976530612244897
xavier sneed,77.0,215.0,1997-12-21,3,25.492494518468543
brodric thomas,77.0,185.0,1997-01-28,3,21.935402260077584
freddie gillespie,81.0,245.0,1997-06-14,2,26.251333638164915
kylor kelley,84.0,215.0,1997-08-26,2,21.42077664399093
kevon harris,77.0,216.0,1997-06-24,3,25.61106426041491
zavier simpson,72.0,190.0,1997-02-11,2,25.765817901234566
jeff dowtin jr.,75.0,177.0,1997-05-10,5,22.121066666666668
braxton key,80.0,225.0,1997-02-14,5,24.71484375
pat spencer,74.0,205.0,1996-07-04,2,26.31756756756757
brandon williams,78.0,215.0,1975-02-27,4,24.843030900723207
lindy waters iii,77.0,210.0,1997-07-28,4,24.899645808736718
matt ryan,78.0,215.0,1997-04-17,5,24.843030900723207
gabriel deck,78.0,231.0,1995-02-08,2,26.691814595660748
jeremiah robinson-earl,81.0,240.0,2000-11-03,4,25.715592135345222
josh christopher,76.0,215.0,2001-12-08,4,26.167763157894736
herbert jones,79.0,206.0,1998-10-06,4,23.20429418362442
trey murphy iii,80.0,206.0,2000-06-18,4,22.6278125
jaden springer,76.0,202.0,2002-09-25,5,24.585526315789473
franz wagner,82.0,220.0,2001-08-27,4,23.001189767995243
ziaire williams,81.0,185.0,2001-09-12,4,19.822435604328607
ochai agbaji,77.0,215.0,2000-04-20,3,25.492494518468543
greg brown iii,79.0,206.0,2001-09-01,4,23.20429418362442
sharife cooper,72.0,176.0,2001-06-11,1,23.867283950617285
chris duarte,77.0,190.0,1997-06-13,3,22.528250969809413
bones hyland,74.0,169.0,2000-09-14,4,21.695945945945947
kai jones,83.0,221.0,2001-01-19,4,22.552329801132238
miles mcbride,74.0,195.0,2000-09-08,4,25.033783783783782
moses moody,77.0,211.0,2002-05-31,4,25.018215550683085
marcus bagley,78.0,217.0,2001-10-23,2,25.074128862590403
isaiah jackson,80.0,205.0,2002-01-10,4,22.51796875
tre mann,76.0,178.0,2001-02-03,4,21.664473684210527
terrence shannon jr.,78.0,215.0,2000-07-30,1,24.843030900723207
james bouknight,76.0,190.0,2000-09-18,4,23.125
johnny juzang,79.0,226.0,2001-03-17,3,25.457138279121935
day'ron sharpe,82.0,265.0,2001-11-06,4,27.705978584176087
jt thor,81.0,203.0,2002-08-26,5,21.7511050144795
justin champagnie,78.0,206.0,2001-06-29,4,23.803090072320842
jalen johnson,80.0,219.0,2001-12-18,4,24.05578125
keon johnson,77.0,185.0,2002-03-10,5,21.935402260077584
jason preston,75.0,181.0,1999-08-10,3,22.620977777777778
kessler edwards,79.0,203.0,2000-08-09,5,22.866367569299793
corey kispert,78.0,224.0,1999-03-03,4,25.882971729125575
davion mitchell,72.0,202.0,1998-09-05,4,27.393132716049383
austin reaves,77.0,197.0,1998-05-29,4,23.358239163433968
cam thomas,75.0,210.0,2001-10-13,4,26.245333333333335
david duke jr.,76.0,204.0,1999-10-13,5,24.82894736842105
joshua primo,76.0,189.0,2002-12-24,4,23.00328947368421
raiquan gray,79.0,269.0,1999-07-07,3,30.300753084441595
scottie barnes,80.0,237.0,2001-08-01,4,26.03296875
luka garza,82.0,243.0,1998-12-27,4,25.405859607376563
trendon watford,80.0,245.0,2000-11-09,4,26.91171875
sandro mamukelashvili,81.0,240.0,1999-05-23,4,25.715592135345222
sam hauser,79.0,217.0,1997-12-08,4,24.443358436148053
ariel hukporti,84.0,246.0,2002-04-12,1,24.5093537414966
julian champagnie,79.0,217.0,2001-06-29,3,24.443358436148053
alperen sengun,83.0,243.0,2002-07-25,4,24.797358107127305
jericho sims,82.0,250.0,1998-10-20,4,26.137715645449138
joe wieskamp,78.0,205.0,1999-08-23,3,23.687541091387246
josh giddey,79.0,214.0,2002-10-10,4,24.105431821823426
yves pons,77.0,206.0,1999-05-07,2,24.425366840951256
santi aldama,84.0,215.0,2001-01-10,4,21.42077664399093
marcus garrett,77.0,205.0,1998-11-09,3,24.306797099004893
usman garuba,80.0,229.0,2002-03-09,4,25.15421875
isaiah livers,78.0,232.0,1998-07-28,3,26.807363576594344
scotty pippen jr.,74.0,170.0,2000-11-10,3,21.824324324324323
jalen suggs,77.0,205.0,2001-06-03,4,24.306797099004893
jalen wilson,78.0,220.0,2000-11-04,2,25.42077580539119
mckinley wright iv,71.0,192.0,1998-10-25,3,26.77563975401706
cade cunningham,78.0,220.0,2001-09-25,4,25.42077580539119
evan mobley,83.0,215.0,2001-06-18,4,21.940049354042678
aaron wiggins,77.0,190.0,1999-01-02,4,22.528250969809413
isaiah mobley,80.0,238.0,1999-09-24,2,26.1428125
chaundee brown,77.0,215.0,1998-12-04,2,25.492494518468543
e.j. liddell,78.0,240.0,2000-12-18,2,27.731755424063117
javonte smart,76.0,205.0,1999-06-03,3,24.950657894736842
dejon jarreau,77.0,185.0,1998-01-23,2,21.935402260077584
gui santos,79.0,185.0,2002-06-22,2,20.838807883352025
duane washington jr.,74.0,197.0,2000-03-24,3,25.29054054054054
d.j. carton,75.0,200.0,2000-08-05,3,24.995555555555555
darius days,79.0,245.0,1999-10-20,2,27.597340169844575
tyson etienne,72.0,200.0,1999-09-17,1,27.121913580246915
dalano banton,80.0,203.0,1999-11-07,4,22.29828125
jose alvarado,72.0,179.0,1998-04-12,4,24.274112654320987
carlik jones,72.0,174.0,1997-12-23,3,23.596064814814813
a.j. lawson,78.0,179.0,2000-07-15,3,20.68326758711374
ibou badji,84.0,240.0,2002-10-13,2,23.91156462585034
jay huff,85.0,240.0,1997-08-25,4,23.352249134948096
mac mcclung,74.0,185.0,1999-01-06,3,23.75
eugene omoruyi,78.0,235.0,1997-02-14,4,27.154010519395136
jordan schakel,78.0,200.0,1998-06-13,3,23.109796186719265
stanley umude,78.0,210.0,1999-04-12,3,24.265285996055226
colin castleton,82.0,250.0,2000-05-25,2,26.137715645449138
terry taylor,76.0,230.0,1999-09-23,3,27.99342105263158
georgios kalaitzakis,79.0,192.0,1999-01-02,1,21.627303316776157
ish wainright,77.0,250.0,1994-09-12,4,29.64243548659133
jamorko pickett,81.0,206.0,1997-12-24,2,22.072549916171315
jordan goodwin,75.0,215.0,1998-10-23,4,26.87022222222222
micah potter,81.0,248.0,1998-04-06,4,26.572778539856728
dru smith,74.0,203.0,1997-12-30,3,26.06081081081081
kevin pangos,73.0,179.0,1993-01-26,1,23.613623569149933
marjon beauchamp,79.0,199.0,2000-10-12,3,22.41579875020029
dyson daniels,79.0,199.0,2003-03-17,3,22.41579875020029
jaden hardy,75.0,198.0,2002-07-05,3,24.7456
scoot henderson,75.0,207.0,2004-02-03,2,25.8704
aleem ford,80.0,220.0,1997-12-22,2,24.165625
phillip wheeler,80.0,185.0,2002-04-23,2,20.32109375
cameron mcgriff,79.0,220.0,1997-09-30,2,24.78128505047268
malcolm hill,78.0,220.0,1995-10-26,3,25.42077580539119
keaton wallace,75.0,185.0,1999-02-26,1,23.12088888888889
olivier sarr,82.0,240.0,1999-02-20,3,25.09220701963117
henri drell,81.0,220.0,2000-04-25,2,23.572626124066453
gabriel lundberg,76.0,203.0,1994-12-04,2,24.707236842105264
jaden ivey,75.0,195.0,2002-02-13,3,24.370666666666665
paolo banchero,82.0,250.0,2002-11-12,3,26.137715645449138
jabari smith jr.,83.0,220.0,2003-05-13,3,22.450283059950646
chet holmgren,85.0,208.0,2002-05-01,2,20.238615916955016
bennedict mathurin,77.0,210.0,2002-06-19,3,24.899645808736718
johnny davis,74.0,170.0,1955-10-21,10,21.824324324324323
keegan murray,80.0,225.0,2000-08-19,3,24.71484375
aj griffin,78.0,220.0,2003-08-25,3,25.42077580539119
shaedon sharpe,77.0,210.0,2003-05-30,3,24.899645808736718
tyty washington jr.,75.0,195.0,2001-11-15,3,24.370666666666665
malaki branham,76.0,180.0,2003-05-12,3,21.907894736842106
blake wesley,76.0,190.0,2003-03-16,3,23.125
jalen duren,82.0,250.0,2003-11-18,3,26.137715645449138
tari eason,80.0,215.0,2001-05-10,3,23.61640625
nikola jovic,82.0,205.0,2003-06-09,3,21.432926829268293
max christie,77.0,190.0,2003-02-10,3,22.528250969809413
mark williams,85.0,240.0,2001-12-16,3,23.352249134948096
jeremy sochan,80.0,230.0,2003-05-20,3,25.2640625
wendell moore jr.,77.0,215.0,2001-09-18,3,25.492494518468543
kendall brown,79.0,205.0,2003-05-11,3,23.091651978849544
kennedy chandler,72.0,170.0,2002-09-16,1,23.053626543209877
jalen williams,77.0,211.0,2001-04-14,3,25.018215550683085
orlando robinson,82.0,235.0,2000-07-10,3,24.56945270672219
patrick baldwin jr.,84.0,220.0,2002-11-18,3,21.918934240362812
walker kessler,86.0,245.0,2001-07-26,3,23.287587885343427
jaylin williams,81.0,240.0,2002-06-29,3,25.715592135345222
jd davison,73.0,195.0,2002-10-03,3,25.724338525051603
bryce mcgowens,78.0,190.0,2002-11-08,3,21.9543063773833
jamaree bouyea,74.0,180.0,1999-06-27,3,23.10810810810811
julian strawther,78.0,205.0,2002-04-18,2,23.687541091387246
harrison ingram,77.0,230.0,2002-11-27,1,27.271040647664023
christian braun,78.0,220.0,2001-04-17,3,25.42077580539119
oscar tshiebwe,80.0,255.0,1999-11-27,2,28.01015625
christian koloko,83.0,225.0,2000-06-20,3,22.960516765858614
jabari walker,79.0,237.0,2002-07-30,3,26.696202531645568
ryan rollins,75.0,180.0,2002-07-03,3,22.496
jordan hall,79.0,215.0,2002-01-14,2,24.218074026598302
keon ellis,76.0,175.0,2000-01-08,3,21.299342105263158
drew timme,81.0,235.0,2000-09-09,1,25.17985063252553
josh minott,80.0,205.0,2002-11-25,3,22.51796875
jaime jaquez jr.,78.0,225.0,2001-02-18,2,25.99852071005917
ousmane dieng,81.0,185.0,2003-05-21,3,19.822435604328607
terquavion smith,76.0,160.0,2002-12-31,2,19.473684210526315
jared rhoden,77.0,210.0,1999-08-27,4,24.899645808736718
ron harper jr.,77.0,233.0,2000-04-12,3,27.62674987350312
kris murray,80.0,218.0,2000-08-19,2,23.9459375
marcus sasser,73.0,195.0,2000-09-21,2,25.724338525051603
buddy boeheim,77.0,205.0,1999-11-11,2,24.306797099004893
dalen terry,78.0,210.0,2002-07-12,3,24.265285996055226
isaiah wong,75.0,185.0,2001-01-28,1,23.12088888888889
jacob toppin,81.0,200.0,2000-05-08,2,21.429660112787683
peyton watson,80.0,200.0,2002-09-11,3,21.96875
tyrese martin,78.0,215.0,1999-03-07,2,24.843030900723207
caleb houstan,80.0,205.0,2003-01-09,3,22.51796875
moussa diabate,82.0,210.0,2002-01-21,3,21.955681142177276
trayce jackson-davis,81.0,245.0,2000-02-22,2,26.251333638164915
john butler jr.,84.0,190.0,2002-12-04,2,18.92998866213152
dereon seabron,77.0,180.0,2000-05-26,3,21.34255355034576
collin gillespie,73.0,195.0,1999-06-25,2,25.724338525051603
jake laravia,79.0,235.0,2001-11-03,3,26.470918122095817
david roddy,77.0,255.0,2001-03-27,3,30.235284196323157
dominick barlow,81.0,224.0,2003-05-26,3,24.001219326322207
keion brooks jr.,79.0,210.0,2000-08-07,2,23.65486300272392
javon freeman-liberty,75.0,190.0,1999-10-20,2,23.74577777777778
mouhamed gueye,83.0,210.0,2002-11-09,2,21.429815648134706
quenton jackson,76.0,173.0,1998-09-15,3,21.05592105263158
vince williams jr.,76.0,205.0,2000-08-30,3,24.950657894736842
luke travers,78.0,207.0,2001-09-03,1,23.918639053254438
baylor scheierman,78.0,205.0,2000-09-26,1,23.687541091387246
pete nance,81.0,225.0,2000-02-19,2,24.108367626886146
kenneth lofton jr.,78.0,275.0,2002-08-14,3,31.775969756738988
karlo matkovic,82.0,231.0,2001-03-30,1,24.151249256395005
jermaine samuels jr.,78.0,230.0,1998-11-13,2,26.576265614727152
aj green,76.0,190.0,1999-09-27,3,23.125
jules bernard,78.0,210.0,2000-01-21,2,24.265285996055226
jamal cain,79.0,191.0,1999-03-20,3,21.51466111200128
jack white,78.0,225.0,1997-08-05,2,25.99852071005917
jaylen sims,78.0,210.0,1998-12-11,2,24.265285996055226
justin minaya,77.0,205.0,1999-03-26,4,24.306797099004893
cole swider,80.0,220.0,1999-05-08,2,24.165625
trevor hudgins,72.0,180.0,1999-03-23,2,24.40972222222222
lester quinones,76.0,208.0,2000-11-16,4,25.31578947368421
sidy cissoko,78.0,220.0,2004-04-02,2,25.42077580539119
simone fontecchio,79.0,209.0,1995-12-09,3,23.542220797949046
mouhamadou gueye,81.0,210.0,1998-07-06,1,22.50114311842707
daeqwon plowden,76.0,216.0,1998-08-29,1,26.289473684210527
jacob gilyard,68.0,160.0,1998-07-14,3,24.325259515570934
taze moore,77.0,195.0,1998-06-29,1,23.12109967954124
nate williams,76.0,215.0,1950-05-02,8,26.167763157894736
xavier cooks,80.0,183.0,1995-08-19,2,20.10140625
victor wembanyama,88.0,235.0,2004-01-04,2,21.333290289256198
brandon miller,79.0,200.0,2002-11-22,2,22.528440954975164
taylor hendricks,81.0,215.0,2003-11-22,2,23.03688462124676
amen thompson,79.0,200.0,2003-01-30,2,22.528440954975164
ausar thompson,79.0,205.0,2003-01-30,2,23.091651978849544
anthony black,79.0,200.0,2004-01-20,2,22.528440954975164
gradey dick,79.0,200.0,2003-11-20,2,22.528440954975164
rayan rupert,79.0,205.0,2004-05-31,2,23.091651978849544
gg jackson,81.0,210.0,2004-12-17,2,22.50114311842707
cam whitmore,78.0,230.0,2004-07-08,2,26.576265614727152
jarace walker,79.0,235.0,2003-09-04,2,26.470918122095817
cason wallace,75.0,195.0,2003-11-07,2,24.370666666666665
keyonte george,76.0,185.0,2003-11-08,2,22.51644736842105
jalen hood-schifino,77.0,210.0,2003-06-19,3,24.899645808736718
maxwell lewis,79.0,215.0,2002-07-27,3,24.218074026598302
jordan hawkins,77.0,190.0,2002-04-29,2,22.528250969809413
kobe bufkin,76.0,195.0,2003-09-21,2,23.73355263157895
jett howard,80.0,215.0,2003-09-14,2,23.61640625
trey alexander,77.0,185.0,2003-05-02,1,21.935402260077584
dereck lively ii,85.0,230.0,2004-02-12,2,22.37923875432526
dariq whitehead,78.0,220.0,2004-08-01,2,25.42077580539119
brice sensabaugh,78.0,235.0,2003-10-30,2,27.154010519395136
noah clowney,82.0,210.0,2004-07-14,2,21.955681142177276
bilal coulibaly,79.0,195.0,2004-07-26,2,21.965229931100787
colby jones,78.0,207.0,2002-05-28,2,23.918639053254438
nick smith jr.,74.0,185.0,2004-04-18,2,23.75
emoni bates,80.0,202.0,2004-01-28,3,22.1884375
amari bailey,75.0,185.0,2004-02-17,2,23.12088888888889
reece beekman,75.0,190.0,2001-10-08,2,23.74577777777778
adem bona,82.0,235.0,2003-03-28,1,24.56945270672219
kobe brown,79.0,250.0,2000-01-01,2,28.160551193718955
toumani camara,79.0,230.0,2000-05-08,2,25.90770709822144
jaylen clark,77.0,205.0,2001-10-13,1,24.306797099004893
ricky council iv,78.0,207.0,2001-08-03,3,23.918639053254438
zach edey,87.0,305.0,2002-05-14,1,28.328048619368477
adam flagler,75.0,180.0,1999-12-01,3,22.496
andre jackson jr.,78.0,209.0,2001-11-13,2,24.14973701512163
keyontae johnson,76.0,230.0,2000-05-24,2,27.99342105263158
bobi klintman,81.0,225.0,2003-03-06,1,24.108367626886146
chris livingston,78.0,220.0,2003-10-15,2,25.42077580539119
seth lundy,76.0,220.0,2000-04-02,2,26.776315789473685
kevin mccullar jr.,78.0,210.0,2001-03-15,1,24.265285996055226
jordan miller,77.0,194.0,2000-01-23,2,23.002529937594872
julian phillips,78.0,201.0,2003-11-05,2,23.22534516765286
brandin podziemski,76.0,205.0,2003-02-25,2,24.950657894736842
olivier-maxence prosper,79.0,230.0,2002-07-03,2,25.90770709822144
adama sanogo,81.0,245.0,2002-02-12,1,26.251333638164915
ben sheppard,78.0,190.0,2001-07-16,2,21.9543063773833
jalen slawson,79.0,215.0,1999-10-22,1,24.218074026598302
nae'qwan tomlin,80.0,210.0,2000-12-19,1,23.0671875
tristan vukcevic,84.0,220.0,2003-03-11,2,21.918934240362812
jordan walsh,78.0,205.0,2004-03-03,2,23.687541091387246
leaky black,78.0,209.0,1999-06-14,1,24.14973701512163
tristan da silva,80.0,217.0,2001-05-15,1,23.83609375
tosan evbuomwan,80.0,217.0,2001-02-16,2,23.83609375
alex fudge,80.0,200.0,2003-05-06,2,21.96875
jazian gortman,74.0,184.0,2003-04-14,2,23.62162162162162
d'moi hodge,75.0,188.0,1998-12-20,2,23.495822222222223
dillon jones,77.0,235.0,2001-10-29,1,27.863889357395852
pelle larsson,77.0,215.0,2001-02-23,1,25.492494518468543
jaylen martin,78.0,216.0,2004-01-28,2,24.958579881656803
emanuel miller,77.0,215.0,2000-06-19,1,25.492494518468543
drew peterson,80.0,205.0,1999-11-09,2,22.51796875
antonio reeves,77.0,205.0,2000-11-20,1,24.306797099004893
hunter tyson,80.0,215.0,2000-06-13,2,23.61640625
matas buzelis,80.0,196.0,2004-10-13,1,21.529375
ronald holland ii,80.0,206.0,2005-07-07,1,22.6278125
timmy allen,78.0,210.0,2000-01-09,1,24.265285996055226
craig porter jr.,73.0,180.0,2000-02-26,2,23.74554325389379
duop reath,81.0,245.0,1996-06-26,2,26.251333638164915
nathan mensah,81.0,230.0,1998-04-09,2,24.64410912970584
damion baugh,76.0,194.0,2000-08-03,2,23.611842105263158
tyler smith,81.0,224.0,2004-11-02,1,24.001219326322207
dexter dennis,77.0,210.0,1999-02-09,2,24.899645808736718
onuralp bitim,78.0,215.0,1999-03-31,2,24.843030900723207
miles norris,79.0,220.0,2000-04-15,2,24.78128505047268
maozinha pereira,80.0,177.0,2000-08-28,2,19.44234375
elijah harkless,75.0,195.0,2000-02-03,1,24.370666666666665
trey jemison iii,82.0,270.0,1999-11-28,2,28.22873289708507
malik williams,83.0,250.0,1998-08-26,2,25.51168529539846
alex reese,81.0,245.0,1999-05-21,2,26.251333638164915
jackson rowe,79.0,210.0,1997-01-04,2,23.65486300272392
zaccharie risacher,80.0,200.0,2005-04-08,1,21.96875
alex sarr,84.0,205.0,2005-04-26,1,20.424461451247165
dalton knecht,78.0,215.0,2001-04-19,1,24.843030900723207
cody williams,80.0,190.0,2004-11-20,1,20.8703125
reed sheppard,74.0,185.0,2004-06-24,1,23.75
stephon castle,78.0,215.0,2004-11-01,1,24.843030900723207
rob dillingham,74.0,175.0,2005-01-04,1,22.466216216216218
ja'kobe walter,76.0,180.0,2004-09-04,1,21.907894736842106
bub carrington,76.0,190.0,2005-07-21,1,23.125
isaiah collier,76.0,210.0,2004-10-08,1,25.55921052631579
devin carter,74.0,195.0,2002-03-18,1,25.033783783783782
donovan clingan,86.0,280.0,2004-02-23,1,26.614386154678204
kyle filipowski,83.0,250.0,2003-11-07,1,25.51168529539846
jared mccain,75.0,195.0,2004-02-20,1,24.370666666666665
kyshawn george,80.0,200.0,2003-12-12,1,21.96875
yves missi,83.0,235.0,2004-05-14,1,23.980984177674554
tidjane salaun,82.0,207.0,2005-08-10,1,21.642028554431885
kel'el ware,84.0,230.0,2004-04-20,1,22.915249433106577
johnny furphy,80.0,200.0,2004-12-08,1,21.96875
tyler kolek,74.0,195.0,2001-03-27,1,25.033783783783782
ulrich chomche,83.0,235.0,2005-12-30,2,23.980984177674554
trentyn flowers,81.0,185.0,2005-03-08,1,19.822435604328607
jaylon tyson,78.0,215.0,2002-12-02,1,24.843030900723207
cam spencer,75.0,205.0,2000-04-06,1,25.620444444444445
oso ighodaro,83.0,235.0,2002-07-14,1,23.980984177674554
ryan dunn,79.0,216.0,2003-01-07,1,24.330716231373177
jamal shead,73.0,200.0,2002-07-24,1,26.383936948770877
justin edwards,79.0,217.0,2003-12-16,1,24.443358436148053
ajay mitchell,76.0,190.0,2002-06-25,1,23.125
keshad johnson,78.0,225.0,2001-06-23,1,25.99852071005917
cam christie,77.0,190.0,2005-07-24,1,22.528250969809413
kj simpson,74.0,189.0,2002-08-08,1,24.263513513513512
bronny james,74.0,210.0,2004-10-06,1,26.95945945945946
aj johnson,77.0,160.0,2004-12-01,1,18.97115871141845
pacome dadiet,81.0,210.0,2005-07-27,1,22.50114311842707
quinten post,84.0,238.0,2000-03-21,1,23.71230158730159
jonathan mogbo,81.0,225.0,2001-10-29,1,24.108367626886146
n'faly dante,83.0,230.0,2001-10-19,1,23.470750471766586
jaylen wells,79.0,,2003-08-26,1,
branden carlson,84.0,220.0,1999-06-14,1,21.918934240362812
enrique freeman,81.0,220.0,2000-07-29,1,23.572626124066453
isaac jones,80.0,245.0,2000-07-11,1,26.91171875
jamison battle,79.0,220.0,2001-05-10,1,24.78128505047268
armel traore,81.0,245.0,2003-01-23,0,26.251333638164915
tolu smith,83.0,,2000-07-26,1,
daniss jenkins,76.0,165.0,2001-08-17,1,20.082236842105264
spencer jones,79.0,225.0,2001-06-14,1,25.34449607434706
rayj dennis,73.0,180.0,2001-03-30,1,23.74554325389379
alex ducas,79.0,220.0,2000-12-11,2,24.78128505047268
yuki kawamura,67.0,159.0,2001-05-02,1,24.900200490086878
jianlian yi,84.0,250.0,1987-10-27,6,24.907879818594104
nene hilario,83.0,250.0,1982-09-13,18,25.51168529539846
kenyon martin jr.,78.0,215.0,2001-01-06,6,24.843030900723207
brandon boston jr.,78.0,188.0,2001-11-28,5,21.72320841551611
matthew hurt,81.0,233.0,2000-04-20,1,24.96555403139765
rj nembhard jr.,76.0,200.0,1999-03-22,2,24.342105263157894
